credit_score,loan_amount,annual_income,employment_years,debt_to_income,collections_flag,outcome_score,defaulted
836,17628.86,62581.09,31,0.3685,0,0.031,0
557,18609.67,27802.52,10,,0,0.0161,0
476,11243.41,49236.3,22,0.3246,0,-0.0291,0
439,13007.25,54546.38,26,,1,0.8542,1
485,20715.82,55223.47,1,,0,-0.0343,0
426,21040.77,78731.12,38,,0,-0.0662,0
762,12889.43,75452.09,36,,0,-0.017,0
800,11357.21,52391.54,38,,0,-0.009,0
401,6785.88,98741.7,18,,0,0.0459,0
416,16521.82,48720.97,28,0.3861,0,0.0237,0
318,19875.77,50181.56,39,,0,0.0624,0
530,15908.14,35336.83,7,0.4129,1,0.9056,1
643,9450.02,26935.02,6,,0,-0.0456,0
445,25719.12,33758.66,32,,1,0.987,1
589,2379.58,73243.81,13,0.4718,1,0.8841,1
484,20269.36,68347.04,7,0.3226,1,0.8227,1
301,16300.27,39096.09,8,,1,0.911,1
430,17812.07,56797.83,27,,0,-0.0795,0
720,10279.02,69516.45,15,,0,-0.0042,0
785,14085.5,18399.31,12,,0,-0.0238,0
533,16760.1,86899.8,39,0.3186,1,0.9262,1
619,14485.08,73945.67,39,0.4048,0,0.0477,0
601,4237.42,69589.26,16,,1,0.8838,1
466,25275.01,76637.46,9,,1,0.8802,1
668,18901.19,18252.31,33,,0,0.0379,0
523,15207.56,51065.7,30,0.3412,0,-0.0383,0
328,15594.54,77650.65,30,0.3512,1,0.9032,1
512,25102.43,54873.47,8,,0,0.0271,0
394,10543.63,68368.18,11,,1,0.8605,1
562,9190.6,81067.15,3,0.5762,1,0.885,1
554,20100.46,67665.22,23,,0,0.005,0
557,17776.14,50361.23,1,0.3813,1,0.9665,1
394,8940.69,65362.71,34,0.3416,1,0.8395,1
820,21532.1,24922.0,12,0.4483,0,-0.0075,0
364,16769.75,63826.32,24,,1,0.9677,1
461,9612.25,68493.44,6,,1,0.9486,1
478,17941.94,57717.1,10,,1,0.8862,1
550,17044.16,75907.54,10,0.3047,1,0.8964,1
534,14471.73,60015.3,34,,1,0.923,1
843,17305.86,57645.16,39,,0,0.024,0
767,18757.14,87981.93,22,0.2674,0,0.0689,0
330,20485.15,37758.91,4,,1,0.9566,1
627,15643.77,80058.41,39,0.3089,0,-0.0691,0
583,13376.31,78633.36,11,,1,0.8202,1
811,16434.37,70215.32,26,,0,-0.0272,0
487,22145.28,47718.77,9,,1,0.8074,1
551,18779.59,61168.52,17,,1,0.9656,1
810,13039.63,40522.73,1,,0,-0.0748,0
559,15333.92,44881.96,17,,1,0.885,1
633,24993.96,57365.96,26,0.345,1,0.8564,1
471,19495.75,39094.85,35,0.0918,0,-0.0794,0
730,15910.87,50800.03,38,,1,0.959,1
344,21842.27,35163.96,39,,1,0.8712,1
836,11741.46,66752.64,38,,0,0.0954,0
394,16973.43,84427.49,16,,0,0.0703,0
617,26253.73,94544.54,10,0.3594,0,-0.0002,0
337,18921.3,36396.65,6,,1,0.7952,1
353,24725.1,39559.21,6,0.399,1,0.883,1
686,14497.44,54100.49,1,,0,0.1143,0
732,12142.78,69802.1,28,,0,0.0214,0
491,21961.31,53344.05,12,0.279,1,0.8916,1
330,4030.1,74395.84,20,,1,0.8694,1
317,16081.14,66630.06,13,0.2398,0,0.0444,0
814,21185.26,25231.14,21,,0,0.0185,0
713,18375.07,58049.8,17,,1,0.9142,1
512,2385.0,34748.68,23,,0,0.0568,0
440,6924.03,46875.46,5,,0,0.0541,0
686,14313.69,49630.84,36,,1,0.9219,1
791,17849.19,70385.4,19,,0,-0.0793,0
661,18084.78,56509.41,27,,1,0.8509,1
752,14963.02,48648.3,37,,0,-0.0308,0
767,19381.44,94761.5,3,0.4726,0,-0.0019,0
467,17621.37,40944.84,9,,0,0.075,0
702,14228.34,62206.9,21,,1,1.0026,1
429,18225.6,69032.12,27,0.3364,0,0.0196,0
422,11115.2,60038.6,18,,0,0.0275,0
846,18820.93,40840.13,1,,0,-0.0756,0
479,9918.58,39921.38,27,0.3326,1,0.8789,1
750,17924.68,68173.83,25,,0,-0.0277,0
489,17777.13,75815.22,0,0.3881,0,-0.0318,0
809,13206.76,56056.87,37,,0,0.029,0
452,18809.7,33283.24,35,,1,0.8775,1
309,24256.19,57181.1,11,0.1999,1,0.8052,1
554,8879.91,84263.39,24,,1,0.9421,1
629,20725.19,38885.97,32,,1,0.9602,1
511,21518.96,51277.84,17,,0,0.0144,0
446,13756.44,58038.32,3,0.3504,1,0.8916,1
755,19805.41,76582.37,16,0.3368,0,-0.045,0
506,13472.56,47461.28,14,,1,0.8581,1
685,22537.22,65708.24,32,0.3492,0,0.0535,0
350,1000.0,82031.71,0,,1,0.8626,1
780,23669.33,30321.55,37,0.3416,0,0.1006,0
711,8326.33,33393.1,14,,1,0.9475,1
392,15539.82,55304.95,15,0.3538,1,0.917,1
589,10116.3,74638.2,12,0.2824,1,1.0357,1
712,23979.06,62982.45,0,0.1939,1,0.9638,1
735,13625.65,76246.38,27,0.176,0,-0.0215,0
531,11747.37,26351.86,29,0.2773,0,-0.0512,0
364,21721.07,63216.1,11,,1,0.8788,1
332,19392.82,8000.0,4,0.4667,0,-0.0051,0
848,12998.19,80875.55,32,,0,-0.0379,0
359,9052.86,78390.22,27,0.3342,0,-0.0562,0
491,8242.53,51077.83,11,,1,0.9118,1
770,22650.42,15416.68,26,,0,0.0444,0
823,17513.58,53229.64,8,,0,0.0929,0
559,16040.46,77085.31,25,,1,0.9038,1
672,17953.38,64438.29,19,0.3861,1,0.9301,1
581,3308.07,90269.4,7,0.3569,1,0.8074,1
359,13052.84,51651.36,26,,1,0.9429,1
570,13212.19,93528.82,7,,1,0.8496,1
730,20888.32,20580.16,35,,0,0.0152,0
644,6185.46,43311.52,4,,0,-0.0022,0
608,21321.89,33657.54,32,0.2762,1,0.8879,1
757,25766.54,70223.93,11,,1,0.8258,1
403,4685.45,35164.37,20,,1,0.8621,1
612,15099.92,75090.99,34,0.4602,0,-0.0477,0
402,17996.05,69321.4,39,0.5225,1,0.8703,1
334,20238.35,60212.01,19,0.2765,1,0.9591,1
824,2012.81,54920.93,11,,1,0.8824,1
728,17025.7,37996.14,29,0.1406,0,-0.0336,0
849,13687.55,67761.62,39,,0,0.0325,0
552,13300.34,47756.0,11,,1,0.9163,1
616,27414.32,70668.8,15,,0,0.1016,0
333,13706.64,83803.92,33,,1,0.9506,1
402,17699.13,51275.56,10,0.2337,1,0.8006,1
346,14278.01,80604.2,22,0.3843,1,0.9403,1
487,16447.37,60253.89,15,,0,0.0343,0
523,18315.82,67575.87,20,,1,0.983,1
416,20360.04,33036.23,23,,1,0.8901,1
727,10338.17,44472.0,20,0.2804,0,0.0548,0
634,15915.76,44276.34,18,,0,-0.0177,0
538,16127.77,81059.8,15,,1,0.9145,1
520,5111.76,50514.89,2,0.3488,1,0.8473,1
611,9278.02,68142.33,31,,0,-0.0687,0
507,20345.54,55463.16,14,,1,0.9435,1
725,12230.22,50406.54,2,0.3769,1,0.9002,1
740,30672.02,30332.96,19,,1,0.836,1
401,20778.42,22465.78,32,,1,0.9407,1
829,17711.09,50732.38,26,,0,-0.1368,0
551,24062.38,51780.54,23,,1,0.8595,1
408,19636.34,41011.94,38,0.4153,0,-0.083,0
767,16105.38,59441.51,26,0.329,0,0.06,0
527,6515.01,92175.64,38,,1,0.8783,1
381,18992.02,83702.25,35,,1,0.9039,1
595,23380.28,56527.04,20,,1,0.9152,1
525,11442.77,57151.97,2,0.2968,1,0.9404,1
435,4043.85,67632.48,22,,0,0.0348,0
699,8584.28,60532.43,37,,0,0.0401,0
521,25554.2,67663.78,27,,0,-0.0133,0
590,15481.2,61043.47,8,0.3339,1,0.9427,1
330,23758.61,57772.81,33,0.4181,0,-0.0328,0
502,15114.27,44342.59,33,,0,-0.0201,0
322,12020.86,62369.83,29,,1,0.8232,1
455,27807.57,15130.14,6,0.4264,1,0.9838,1
732,12770.29,60613.48,28,,1,0.8503,1
808,13505.59,18639.57,34,,0,0.0705,0
486,17763.63,60627.97,17,,1,0.9269,1
684,13259.4,38230.98,27,,1,0.91,1
689,19669.03,78850.33,34,,0,0.0183,0
730,17675.61,57455.97,29,0.3247,0,-0.0533,0
345,17913.16,55879.46,26,,1,0.9803,1
463,11300.14,63154.38,16,,1,0.8819,1
668,5025.6,40296.87,6,,0,0.0506,0
462,10006.87,76044.97,10,0.424,1,0.8728,1
659,10535.98,68335.05,23,,0,-0.0716,0
793,16755.79,45938.49,29,,0,0.0992,0
751,10109.5,36798.97,12,,0,-0.0302,0
569,6208.2,48276.12,15,,0,0.0231,0
412,8120.43,53062.01,8,,0,-0.1514,0
475,17325.7,35474.91,14,,1,0.8965,1
603,19124.51,46776.51,25,,0,0.0302,0
709,11960.16,44352.04,0,0.2598,0,0.0071,0
795,12599.57,51359.62,25,,0,-0.0049,0
764,18683.86,51503.35,2,0.4017,1,0.8894,1
420,15992.93,63785.78,38,,0,0.0435,0
360,22116.43,55562.38,29,,1,0.8353,1
368,14054.04,62237.2,39,0.2901,0,-0.0118,0
420,10011.37,59479.28,14,0.4353,1,0.9717,1
489,21518.47,51491.59,16,0.2685,1,0.8259,1
322,13132.23,67307.01,19,,0,-0.0053,0
830,10267.49,8000.0,7,,0,-0.0552,0
491,20356.89,48541.85,28,,1,0.915,1
386,23695.49,44728.15,5,,1,0.9017,1
592,16099.48,57148.71,33,,1,0.8528,1
365,8974.29,43581.97,38,0.3549,0,0.0012,0
768,24208.69,64880.2,10,,0,0.0033,0
848,17260.32,68056.0,15,,0,-0.0305,0
802,16318.42,30087.97,1,,0,-0.0208,0
516,12576.17,59022.95,13,0.1812,1,0.8676,1
649,21778.96,31943.85,8,,1,0.786,1
382,8349.21,63633.93,24,,1,0.9463,1
325,7777.64,46602.28,31,,1,0.9597,1
607,26367.04,40524.12,2,,0,-0.0875,0
710,9825.46,24211.93,6,,0,0.0604,0
307,20758.1,53340.7,25,,1,0.9201,1
846,23270.62,34155.99,18,0.1665,0,-0.0551,0
534,16260.98,28296.12,35,,0,-0.0105,0
640,9713.89,58347.33,31,0.1377,0,-0.0353,0
319,18778.67,72446.4,28,,0,0.0462,0
787,23350.65,62100.5,38,0.301,1,0.8541,1
610,17054.9,29242.26,16,,0,0.1061,0
563,10521.28,52537.91,26,0.5385,0,0.0579,0
643,16836.41,67250.15,4,,1,0.8388,1
758,6692.24,52544.97,3,0.3172,0,0.0819,0
301,9158.01,60859.57,9,,1,0.9365,1
327,13448.15,47129.32,11,,0,-0.0075,0
581,15369.14,48075.48,10,0.3168,0,0.0338,0
729,7787.81,43126.96,26,,0,0.0462,0
819,16498.42,66016.25,15,,0,-0.0379,0
351,18129.95,67151.5,28,,0,0.0417,0
518,13711.65,45006.89,5,,1,0.8784,1
729,2050.8,68587.55,14,,0,0.0407,0
824,15626.73,29314.46,23,,0,-0.0068,0
440,25889.16,51919.78,39,,1,0.8496,1
829,17746.34,30633.9,14,0.3626,0,0.0315,0
743,15093.74,34626.55,22,,1,0.8811,1
432,12765.3,30418.06,19,0.371,0,0.0077,0
748,18462.71,43196.87,0,0.302,0,0.0204,0
617,16250.65,66155.52,11,,0,0.0735,0
764,19243.87,53589.49,11,0.3027,1,0.8782,1
756,8421.99,44489.67,18,0.3992,0,-0.0424,0
411,15728.01,51876.9,7,,0,0.0823,0
690,12232.83,17986.72,28,0.3712,0,0.0002,0
551,17229.57,65292.67,18,,1,0.8727,1
718,3326.56,14542.58,3,,0,0.0181,0
375,12643.61,42269.7,14,0.3158,0,-0.0172,0
443,18254.7,53580.21,20,,1,0.8866,1
426,19222.35,63019.75,8,,1,1.0287,1
805,14817.06,59301.75,24,,0,-0.0494,0
501,2037.55,54109.09,30,,1,0.8281,1
429,18848.04,81234.81,26,,1,0.9613,1
703,24504.85,91267.4,26,,0,-0.019,0
654,9967.3,55126.99,36,,0,0.016,0
649,12444.76,53198.46,20,,0,0.0319,0
786,19839.24,52124.89,31,,0,-0.0875,0
797,19999.48,44004.33,13,0.3637,0,0.057,0
497,21582.21,61765.44,29,0.4124,1,0.8719,1
828,21087.8,77887.76,23,0.3852,0,0.0949,0
603,5806.73,10176.78,34,,0,-0.0398,0
788,12123.71,51946.1,3,,1,0.9783,1
679,18758.63,81794.7,36,,0,0.0873,0
344,14483.0,62076.99,9,0.4346,1,0.8755,1
810,17195.35,62448.31,33,,0,-0.0095,0
617,14217.46,26183.61,15,,0,-0.0157,0
546,12384.92,67638.29,24,,0,0.076,0
487,13548.76,73164.3,13,0.5351,1,0.909,1
631,8269.04,58598.86,33,,0,0.0266,0
806,10659.23,43200.09,29,,1,0.8928,1
377,14598.38,62970.75,13,,1,0.9236,1
423,14707.5,36318.63,5,0.2549,1,0.9269,1
335,18405.37,33936.5,38,,0,-0.0298,0
408,13288.99,69438.41,38,0.4246,0,0.0886,0
311,25054.63,74724.64,6,0.2891,1,0.8898,1
415,22379.55,41632.81,12,0.2462,1,0.9515,1
562,11985.82,34024.06,9,,1,0.8369,1
755,16186.87,39198.78,9,0.2596,0,0.0342,0
600,22277.05,58557.7,6,,0,0.0532,0
423,11155.77,34044.37,29,,1,0.9133,1
347,10513.57,78109.01,31,,1,0.9538,1
787,22796.1,46631.8,24,0.2016,0,-0.0354,0
399,19148.27,61593.25,17,0.2746,1,0.9236,1
722,21442.83,41622.41,39,0.5899,0,-0.076,0
446,16892.59,65512.42,29,,0,0.0074,0
646,13470.66,66985.95,2,,0,-0.0396,0
790,6948.68,24799.43,20,0.3544,0,-0.0034,0
801,15821.12,42766.06,6,,0,0.069,0
354,22392.56,52180.81,16,,0,0.0869,0
581,22462.82,45546.88,15,,1,0.8359,1
569,21424.54,70688.45,35,,1,0.9623,1
783,19723.34,44250.52,32,,0,0.07,0
733,28266.41,67867.32,17,0.3528,1,0.9162,1
379,5689.67,63723.94,30,0.3983,0,0.0679,0
778,16385.66,53057.01,24,0.5151,1,0.8793,1
499,9379.4,68614.29,22,,0,-0.0257,0
681,24314.64,27317.3,34,,0,-0.0255,0
398,11684.23,53889.54,24,,1,0.9357,1
446,21051.01,41063.78,8,,1,0.8951,1
339,12303.97,53075.51,15,,0,-0.0358,0
366,17521.59,46550.69,16,0.2696,1,0.8666,1
812,14348.9,56079.72,33,,1,0.9001,1
386,14917.29,55170.76,5,,1,0.8575,1
643,17001.79,57497.58,19,0.2621,0,0.0334,0
723,20517.05,58210.91,21,,1,0.9598,1
342,14344.11,65320.49,38,,0,0.0487,0
463,20348.17,32342.84,31,0.3147,1,1.0456,1
564,21227.0,64168.58,10,,0,0.0205,0
485,12497.36,27772.58,2,,0,0.0848,0
784,26311.15,8000.0,5,0.2532,1,0.9092,1
396,19471.08,90504.33,2,,1,0.8861,1
698,12411.5,38100.89,16,,0,0.006,0
539,18684.14,46935.3,29,,1,0.9083,1
513,21230.55,21452.86,26,,1,0.8938,1
483,18538.07,46819.81,28,0.4108,0,-0.0541,0
671,16211.24,58722.32,21,0.4233,0,-0.049,0
496,1000.0,59370.01,16,,1,0.9567,1
645,9195.87,33277.97,32,,1,0.9417,1
318,19071.58,47014.29,14,,1,0.9889,1
450,9076.63,61637.6,23,,0,-0.0196,0
554,18083.18,59293.88,11,,1,0.8757,1
420,20308.41,57308.58,14,,1,0.8425,1
361,14324.32,68687.68,2,,0,0.0528,0
421,4412.0,53038.18,24,,1,0.8554,1
594,10579.49,80060.48,20,,1,0.8985,1
826,19108.66,49723.36,12,0.2705,1,0.9157,1
668,22541.77,67501.33,24,0.5681,1,0.8218,1
797,2510.19,68142.15,5,0.4518,0,0.0388,0
600,15484.87,25495.25,34,,0,0.0505,0
316,6194.99,62936.28,1,,0,0.0138,0
380,15542.7,43477.49,21,,0,-0.0043,0
717,14057.86,36840.7,10,,1,-0.0016,0
639,29162.34,47360.31,6,0.2941,0,0.07,0
762,11767.24,57910.39,6,,0,0.0027,0
527,21292.77,26831.84,12,,1,0.899,1
813,21053.74,55483.91,25,,1,0.8657,1
497,13830.66,51083.61,31,,0,-0.14,0
762,15713.1,73687.21,37,0.3384,1,0.9548,1
381,15002.86,43596.26,24,,0,-0.0001,0
548,10537.43,76416.81,19,0.5086,0,-0.0438,0
846,10018.36,61962.38,30,,1,1.0055,1
737,12541.0,54397.15,32,,1,0.922,1
515,8169.56,77925.91,16,,0,-0.0103,0
793,11997.66,89605.59,16,,0,0.0509,0
551,13827.2,51210.12,2,,1,0.9184,1
818,15970.92,41678.43,0,,1,0.9174,1
351,17662.1,62721.72,35,,0,-0.0304,0
754,13821.97,29385.41,34,0.4736,0,0.0348,0
671,10385.49,31581.47,13,,0,0.047,0
397,17553.35,78523.71,37,,0,-0.0302,0
455,19745.8,65293.48,3,,0,-0.0947,0
749,12084.84,39552.97,38,0.3459,0,0.0475,0
707,9104.28,111430.85,23,0.2468,0,0.0314,0
404,12322.41,30121.58,20,,0,0.0421,0
336,13910.59,66155.01,29,,0,0.0023,0
474,21870.4,40663.02,9,0.3875,1,0.9481,1
463,19162.69,87059.27,19,,1,0.8674,1
644,14980.32,45443.29,9,0.2833,0,-0.0093,0
710,26404.15,49876.97,24,,0,-0.0523,0
451,14791.3,22442.37,16,,1,0.9579,1
517,23482.66,92487.62,16,0.48,1,0.8977,1
402,22327.58,43876.9,29,,1,0.9116,1
318,21903.85,63643.39,32,,1,0.9217,1
802,16926.97,55085.06,34,0.2724,1,0.8881,1
734,15700.54,45073.78,31,,0,0.0411,0
734,15030.92,14901.51,7,,0,0.0829,0
831,20100.94,50890.55,28,,0,0.049,0
322,10264.1,50109.69,28,,0,-0.0862,0
507,13422.27,60737.82,0,,1,0.9055,1
708,25001.79,93618.43,7,,0,0.0078,0
641,18740.33,66600.88,20,,0,0.0621,0
731,20724.67,70477.51,12,0.3114,0,-0.0275,0
504,7673.08,49506.91,31,0.4381,1,0.848,1
350,12407.72,31361.07,30,0.2053,1,0.9418,1
605,17002.99,49973.23,9,0.2987,0,-0.001,0
706,14751.15,41779.24,0,0.275,0,-0.0312,0
706,7647.89,54098.72,10,,0,-0.013,0
396,19558.53,46104.99,36,0.2955,0,-0.0706,0
648,21464.57,24801.5,36,,0,0.0085,0
647,13287.9,77805.62,20,,0,-0.0152,0
473,19774.39,52465.83,33,,1,0.9266,1
443,27174.56,49059.34,22,0.4606,1,0.8898,1
407,24151.96,35113.97,39,,0,0.0018,0
360,13556.45,46442.78,6,0.3253,1,0.8772,1
599,8378.86,39460.46,19,0.3921,1,0.8873,1
472,16380.95,33508.17,7,,1,0.8435,1
662,29081.83,57928.99,4,,1,0.9516,1
623,23028.32,46561.21,6,0.4197,1,0.8979,1
615,14963.41,68474.84,0,,1,0.8005,1
830,24373.48,48513.57,37,0.3628,1,0.8207,1
370,22012.26,57066.2,28,,1,0.9519,1
320,3603.39,56553.15,19,,1,0.8978,1
495,21369.8,61926.61,32,0.4045,0,-0.001,0
313,15712.57,39859.11,22,,0,-0.0001,0
709,9800.51,71184.1,17,,1,0.9244,1
504,15547.51,33759.9,19,0.2015,1,0.9765,1
380,17485.62,55763.85,17,,1,0.9223,1
345,10235.3,33311.34,16,,1,0.9154,1
785,14280.62,52826.89,33,,1,0.8714,1
507,13015.24,71035.14,38,0.3523,0,-0.0771,0
556,19771.54,64998.62,7,0.3166,1,0.9237,1
392,13191.66,74054.02,29,,0,0.0278,0
735,4800.44,49541.95,2,,0,0.055,0
705,12315.0,71360.65,31,,0,0.0856,0
487,9321.93,42539.93,38,,0,-0.058,0
767,7235.87,46747.99,28,0.2583,1,0.8693,1
497,22082.2,57340.61,21,,1,0.9334,1
796,19821.39,70300.0,37,0.4553,1,0.9001,1
831,9198.37,45147.85,30,,0,0.0722,0
554,7383.72,67512.48,31,,1,0.8903,1
612,14384.12,59161.37,38,,1,1.0001,1
760,7059.17,61063.84,21,0.3873,0,0.0028,0
356,13547.41,39616.69,32,,1,0.9814,1
562,15423.09,48075.26,35,,1,0.7797,1
826,16826.92,53314.6,18,,0,0.0243,0
410,17040.81,61074.96,29,,1,0.9012,1
506,10315.58,40466.59,25,,1,0.7953,1
768,15423.36,31744.42,39,0.2883,1,0.8992,1
690,22683.3,16610.16,25,0.2871,0,-0.0619,0
569,2417.37,68424.6,28,,0,-0.026,0
370,16954.18,71993.61,37,0.2324,0,0.0153,0
399,7930.09,18825.68,0,,0,-0.0061,0
770,23423.36,56362.07,5,0.2554,1,0.9178,1
580,19902.05,48211.59,13,,0,0.0079,0
827,19710.88,76906.55,27,,0,0.1177,0
355,9879.71,51215.24,17,,0,0.013,0
510,16582.96,64819.2,34,0.3045,1,0.9056,1
351,17251.08,47345.73,3,,1,0.921,1
379,1000.0,42632.3,14,,1,0.8987,1
305,15879.06,68810.25,5,,1,0.8208,1
606,18679.61,74410.5,28,,0,0.0346,0
430,6515.68,32159.52,10,,0,0.0645,0
388,18611.9,75563.95,9,0.2316,0,0.0778,0
784,15597.91,37453.71,24,0.3737,0,0.0345,0
543,23287.61,13022.9,3,0.2428,1,0.8866,1
597,12521.4,55194.73,37,,0,0.0131,0
642,16065.89,64129.07,1,,1,0.9893,1
538,17047.61,27716.84,13,0.2635,1,0.8888,1
376,1000.0,19310.22,21,,1,0.8403,1
569,12872.54,46093.75,0,,0,0.1105,0
821,15517.78,43685.87,2,,0,-0.0509,0
677,1000.0,79653.09,39,0.1721,1,0.8214,1
688,19045.29,55217.66,23,0.1787,0,0.016,0
612,15515.22,68221.8,1,,0,0.0204,0
498,15481.36,58774.43,15,,1,0.9229,1
557,19327.14,83236.49,13,,1,0.9439,1
528,12534.98,38949.43,0,0.5357,1,0.8919,1
620,15259.9,53416.84,22,,0,-0.0074,0
766,20190.52,26756.73,9,0.3738,1,0.8713,1
308,15332.85,69605.11,25,,1,0.9068,1
561,3937.3,75052.42,29,,0,0.0271,0
446,15309.36,70709.92,16,0.3739,0,0.0453,0
842,15383.61,52755.74,15,,1,0.8551,1
380,20403.45,28190.13,25,,1,0.8377,1
334,12940.59,53444.8,29,0.3375,1,0.9442,1
686,9132.21,42801.11,15,,0,-0.0265,0
449,9151.84,71607.75,32,0.1987,1,0.8507,1
420,23655.69,47319.17,11,,1,0.8075,1
585,16735.53,46934.94,31,,1,0.9704,1
810,23349.21,94131.7,14,,1,0.9138,1
374,24217.51,69387.76,26,,1,0.9273,1
596,10538.74,74366.83,39,,0,0.0219,0
495,10080.22,45782.09,29,0.2562,1,0.9106,1
402,14233.87,35193.53,12,,1,0.8988,1
585,18686.41,74202.34,22,0.1948,1,0.8965,1
828,6590.6,81857.85,8,,0,-0.0488,0
443,17729.39,31843.13,18,,1,0.8117,1
420,17425.49,45685.17,24,,1,1.0123,1
390,8247.55,38543.36,2,,1,0.9019,1
640,8457.97,63665.51,15,,0,-0.0219,0
447,17666.99,74554.22,39,,1,0.86,1
625,27438.08,48370.46,39,0.2887,0,0.0525,0
345,13230.83,48318.31,33,,0,0.0072,0
686,16978.5,19778.63,28,,0,-0.0432,0
407,11369.97,37823.65,26,0.2666,1,0.8848,1
347,16418.93,82131.66,21,,0,0.0156,0
333,11247.71,63867.91,25,,1,0.8807,1
736,13446.38,71673.21,9,,0,0.0408,0
823,29694.67,48427.09,23,0.3468,0,0.1062,0
529,15642.43,50084.89,22,,1,0.8789,1
388,5614.96,55335.12,3,0.2701,1,0.8858,1
753,18857.07,60836.3,11,0.2921,0,-0.0415,0
300,21775.98,79768.77,12,,1,0.8923,1
475,19053.01,42890.45,27,,1,0.802,1
826,13939.36,52514.42,13,,1,0.955,1
515,9495.84,40721.46,8,,0,-0.0667,0
717,9643.34,19573.03,31,0.3179,0,-0.0403,0
498,13861.57,71562.51,20,,1,0.9042,1
446,12799.09,86454.14,24,0.1885,1,0.9689,1
475,11650.68,68778.29,13,,1,0.8573,1
783,22291.9,59145.21,15,,1,0.8907,1
546,20527.0,88361.9,23,,1,0.9147,1
779,22601.96,63259.8,13,,0,-0.0336,0
845,10269.78,69449.47,38,0.2963,0,-0.006,0
707,9475.21,57537.5,34,,0,-0.0795,0
463,15464.29,60286.58,38,0.3194,1,0.8736,1
625,17489.87,52606.86,31,,1,0.9615,1
504,15429.1,69986.45,3,0.3191,0,0.0408,0
621,17081.07,35356.92,32,,0,-0.0222,0
687,24510.33,62546.68,9,0.2123,0,-0.0507,0
832,13689.66,39645.18,15,0.1671,1,0.8894,1
730,19842.83,64177.48,16,,0,-0.0732,0
555,18107.79,98094.28,19,,1,0.8902,1
777,15571.93,67597.33,32,,0,-0.0205,0
744,19566.22,76130.62,22,,0,-0.0223,0
459,10392.27,71244.58,21,,1,0.8929,1
361,9185.56,13136.28,7,,1,0.9268,1
530,17597.22,52629.5,31,,1,0.8481,1
685,5171.84,63061.72,14,,0,0.0479,0
434,18069.25,17400.02,26,0.187,1,0.9563,1
844,8231.0,49890.4,19,,0,0.11,0
833,24107.58,53573.61,26,0.4453,1,0.9148,1
305,12622.41,32831.38,26,,1,0.9737,1
519,23719.39,37545.59,22,,1,0.9488,1
441,13735.09,79072.38,17,,1,0.9095,1
778,13478.76,8000.0,28,0.3826,1,0.8391,1
731,20195.5,59886.44,6,,1,0.9448,1
669,16757.8,75944.28,38,,0,0.012,0
703,14599.79,54511.58,17,0.2544,0,0.0894,0
738,12575.38,80355.27,39,,0,0.037,0
703,12632.74,47307.21,21,,0,0.0528,0
668,29145.22,38708.79,5,,1,0.8711,1
840,4948.23,54830.17,26,,0,0.0122,0
601,7784.82,48132.04,20,,0,-0.0962,0
352,22061.31,44707.18,34,,0,0.0277,0
533,21611.19,51751.62,33,0.3936,1,0.9609,1
671,9465.0,40744.15,9,0.2441,0,0.0696,0
781,4485.46,39918.04,30,,0,-0.0177,0
652,22633.97,34804.23,22,,1,0.8093,1
454,8719.22,62497.59,18,0.2476,1,0.8731,1
413,12053.35,37018.36,16,0.4097,0,-0.0039,0
761,15576.72,32643.12,27,,0,0.0204,0
417,8564.36,35673.2,27,,1,0.7985,1
314,20546.6,58701.43,35,,0,-0.0052,0
657,15125.59,67048.81,34,,0,-0.0519,0
586,9707.79,68518.58,9,,0,0.0723,0
659,10236.46,58857.43,19,,0,-0.1167,0
553,22781.87,64639.69,39,0.3513,0,0.0506,0
630,13327.48,54013.8,33,,0,-0.008,0
492,18686.83,63200.72,17,,1,0.7977,1
554,14940.1,62923.91,0,0.3435,1,0.9839,1
392,4472.72,41866.5,9,0.4443,1,0.9675,1
677,19481.06,35638.34,36,,0,0.0625,0
625,21443.09,79338.8,28,,0,0.0047,0
477,26054.59,57256.37,31,,1,0.8664,1
614,3596.54,73932.21,30,,0,0.0033,0
429,1000.0,35200.2,5,0.3303,1,0.9273,1
703,18834.5,47700.02,23,,0,-0.0271,0
627,11404.06,30220.7,27,,1,0.8571,1
659,6419.95,66633.9,3,,0,0.0247,0
639,15645.19,43939.23,20,0.2521,0,0.0098,0
762,12304.19,45022.99,10,0.3021,1,0.9463,1
746,7342.86,90204.47,38,,0,0.0762,0
450,14503.24,66993.05,10,,1,0.9428,1
528,18399.01,66773.56,12,0.2526,1,0.8424,1
599,16049.58,33362.01,35,,1,0.8994,1
720,16095.05,21564.16,24,,0,0.0193,0
321,17660.55,72471.44,37,,1,0.9405,1
804,4851.7,14673.15,20,,0,0.0429,0
473,14692.22,45971.61,7,,1,0.8971,1
534,16439.75,40390.48,8,0.406,0,-0.0245,0
444,12732.36,38347.46,6,,0,0.0504,0
598,10023.41,47062.97,32,,1,0.9189,1
449,10522.92,35997.01,0,,1,0.9141,1
800,13239.67,33111.82,29,,1,0.8648,1
474,20486.3,59591.5,17,,1,1.005,1
465,24163.33,74193.74,21,,0,0.0125,0
310,22940.7,23747.27,33,0.3529,1,0.8957,1
697,5635.56,58519.95,37,,0,0.0125,0
804,9364.11,64745.46,11,0.5205,0,-0.0066,0
617,18944.78,63037.23,37,0.2912,1,0.8356,1
799,22804.34,51017.97,36,,0,0.0149,0
527,9199.13,44252.73,32,0.3676,1,0.8274,1
681,16099.63,68654.54,4,0.2107,1,0.9052,1
775,8208.84,61035.34,6,,0,-0.0797,0
706,16658.93,20902.59,1,0.5063,1,0.7923,1
386,11139.3,51020.87,35,,1,0.9307,1
833,16097.53,55998.79,38,,1,0.8448,1
319,7729.18,35312.96,12,,0,0.0217,0
364,5196.74,50618.02,21,0.4141,1,0.9085,1
413,33589.69,63847.68,22,0.2421,1,0.9073,1
696,15416.05,40107.99,15,,1,0.8686,1
781,27808.27,59193.79,38,,0,-0.0066,0
596,24054.3,37188.42,37,,1,0.8672,1
488,5186.36,32739.74,9,0.3164,1,0.9472,1
552,17170.71,66080.62,21,,1,0.8758,1
676,7233.14,76131.97,7,,0,-0.0124,0
419,13222.81,33692.93,3,0.2584,0,0.0372,0
426,3690.61,72154.46,34,0.312,1,0.8689,1
461,5554.64,54765.59,34,,1,0.8104,1
569,9871.26,15157.92,0,,1,0.847,1
704,11725.52,29170.96,21,0.6288,0,0.0528,0
587,15232.96,65948.77,6,,0,0.0041,0
352,8782.87,25768.91,22,,1,0.9146,1
434,15895.85,43865.95,13,,0,0.0148,0
324,21814.59,53535.57,21,,1,0.9894,1
513,16643.34,63064.35,29,,1,0.7962,1
578,14596.06,58324.26,3,,0,-0.0064,0
443,17049.77,83234.05,19,0.4447,0,0.0015,0
324,6390.11,40315.53,13,,1,0.899,1
355,20712.04,56774.86,15,,0,0.04,0
679,7814.21,63147.17,37,,1,0.9412,1
537,24311.18,67823.8,36,,0,-0.0108,0
833,19624.52,73922.86,26,0.2835,1,0.8155,1
609,18339.37,47186.77,30,0.5852,1,1.0254,1
467,18600.59,66726.69,15,,0,-0.0003,0
349,14988.65,38334.66,25,,1,0.9044,1
705,10281.69,53601.46,18,,0,0.0631,0
496,9349.34,64022.46,13,,0,-0.0197,0
627,25508.35,72557.03,31,0.2216,1,0.9646,1
554,15619.82,65264.03,34,,0,-0.0153,0
344,8310.43,56629.87,14,,1,0.9915,1
812,18100.27,53569.29,10,,1,0.9228,1
365,17057.3,64878.27,16,,1,0.8662,1
635,13023.96,94405.87,37,0.4328,0,0.109,0
379,9611.86,70382.62,30,0.3615,1,0.9301,1
818,19413.36,61867.9,10,0.5396,0,-0.0304,0
455,20676.28,30358.54,24,,1,0.8296,1
588,16934.38,39799.39,32,,1,0.9349,1
343,15429.26,49166.63,14,0.3817,1,0.9692,1
741,10305.66,71380.38,36,,0,0.0194,0
423,17879.04,38138.28,37,,1,0.9165,1
352,11191.84,66564.13,9,0.211,0,0.0779,0
455,7365.16,57154.58,24,0.0192,1,0.9299,1
610,21753.58,61388.76,9,,0,-0.0329,0
479,8820.6,51112.82,26,0.2199,0,-0.0307,0
494,3618.38,44260.68,3,0.2961,1,0.9278,1
341,22854.09,37472.28,25,0.452,1,0.9251,1
700,4533.36,66008.7,13,0.2554,1,0.9544,1
488,12661.56,53619.0,20,0.419,1,0.9184,1
782,8426.31,35609.66,20,,0,0.034,0
520,10657.2,59019.04,39,,1,0.9174,1
691,28344.42,116619.37,3,,1,0.9482,1
473,14390.61,51373.48,23,0.3072,0,0.0373,0
348,17159.43,84773.87,5,0.4788,1,0.8871,1
651,19742.93,8464.92,25,,0,-0.0094,0
641,11119.06,50131.54,16,0.3081,0,0.0162,0
837,21450.84,72186.18,6,,1,0.9056,1
709,17256.06,55280.0,7,0.134,0,0.0657,0
646,19522.82,43432.62,4,,0,0.0106,0
316,10651.41,54524.32,30,,0,-0.0712,0
754,17663.94,72731.97,36,,0,-0.0591,0
393,14946.36,93581.98,12,0.4891,1,0.888,1
702,21778.52,74179.11,15,0.2474,0,0.0361,0
674,11757.99,45914.94,1,,1,0.8637,1
742,27193.29,50808.28,6,,1,0.9326,1
473,17032.34,50942.14,6,,1,0.8616,1
573,14248.69,39389.54,37,,0,0.0079,0
334,13546.85,52208.84,12,,1,0.9207,1
496,14958.93,50071.51,31,0.2301,0,-0.0572,0
789,11228.04,33390.0,5,,1,0.9198,1
410,19000.29,70086.32,7,,1,0.9808,1
823,14928.51,62576.65,8,,0,-0.0099,0
328,26661.67,43462.97,7,,1,0.9038,1
505,12400.07,57660.39,8,,1,0.9127,1
507,14276.12,37638.06,11,,0,0.0045,0
846,12394.14,45059.49,16,,0,0.0012,0
598,26214.25,67378.17,7,,1,0.8973,1
771,6325.62,63478.83,20,,0,-0.0784,0
767,15561.85,45762.61,14,,0,0.0226,0
605,16877.9,60606.35,24,,1,0.8463,1
697,8231.86,53661.23,23,0.3717,1,0.9188,1
710,30859.12,37049.27,36,0.2176,0,0.0351,0
576,9416.61,51989.69,24,,1,0.9203,1
814,15201.14,62776.59,27,,0,-0.0442,0
536,25104.17,60510.89,33,,1,0.9158,1
700,12749.61,24532.87,7,,0,-0.0107,0
493,15861.77,57989.76,34,,1,0.8705,1
485,12931.36,55457.66,17,0.2669,1,1.0032,1
498,14680.32,20830.98,26,0.3517,1,0.8551,1
406,21488.75,40455.28,29,,1,0.9247,1
745,12470.56,63849.36,8,,1,0.9763,1
537,1000.0,79926.45,22,0.3249,1,0.9191,1
669,14802.28,25470.7,11,,0,-0.0308,0
402,15377.51,72627.46,6,0.1846,1,0.8724,1
676,16172.63,21153.29,35,0.4373,0,-0.0698,0
311,13900.17,80155.32,31,0.3709,1,0.9047,1
656,9824.77,50704.0,7,0.2633,1,0.9065,1
550,13529.14,42134.99,7,,0,-0.0125,0
366,25591.15,61381.66,3,0.316,1,0.9712,1
481,14747.73,37675.06,13,,1,0.8981,1
322,18917.45,64286.58,9,0.4831,1,0.8225,1
352,8797.62,52768.56,29,,1,0.9758,1
747,13251.47,8000.0,16,0.3644,0,-0.0574,0
779,8996.32,40407.16,38,,0,0.0274,0
754,22762.04,58439.74,22,,1,0.9339,1
367,5665.32,74196.46,35,,1,0.8981,1
621,17234.41,60966.95,3,,1,0.9488,1
646,17044.47,73909.14,38,,1,0.9059,1
489,16655.63,38908.66,13,,1,0.8841,1
613,1000.0,68097.62,15,0.3721,1,0.7979,1
449,2862.37,68399.45,23,0.1008,0,-0.0845,0
838,15702.34,25642.46,17,,0,0.1398,0
435,9461.29,74791.28,12,0.2867,1,0.9389,1
439,11142.87,60892.71,6,,1,0.965,1
721,12452.76,49933.44,16,0.3678,1,1.028,1
429,8682.19,49623.61,18,,1,0.8843,1
795,7648.14,36315.68,5,,0,-0.0046,0
644,14999.67,66354.56,31,0.5131,0,-0.0801,0
797,3563.51,60436.86,7,0.4959,1,0.8879,1
607,11965.19,65492.66,2,,0,-0.0134,0
830,10995.51,56421.79,12,,0,-0.0171,0
746,14857.88,58704.16,12,0.3935,0,0.055,0
743,29323.08,49673.79,11,,1,0.9382,1
395,9108.31,74382.3,37,,1,0.9485,1
741,17438.22,65914.63,23,,0,-0.0585,0
465,16324.76,58111.3,7,,1,0.9039,1
757,18359.38,52577.75,20,0.3547,1,0.9196,1
302,13720.25,23176.87,11,0.3886,1,0.9958,1
333,23648.74,19276.57,38,,1,0.9083,1
696,19111.79,48370.58,37,0.3226,0,-0.0058,0
335,19207.23,77836.44,23,,0,0.0568,0
479,6514.51,42312.47,13,,1,0.8895,1
555,15578.04,43020.3,5,,0,0.0259,0
429,11940.87,37497.72,33,,1,0.9245,1
706,9830.18,31773.02,0,,0,-0.0236,0
632,11241.21,38548.14,11,0.5004,1,0.8679,1
660,14664.49,60015.35,21,,0,-0.0016,0
438,17740.59,46146.87,10,0.3011,1,0.8784,1
312,20889.62,45330.16,29,,1,0.8251,1
331,20608.17,43727.15,7,,1,0.9361,1
437,16756.17,59265.93,34,,1,0.9285,1
429,15333.74,62025.35,2,,1,0.8629,1
637,13053.08,21357.91,13,0.3094,1,0.858,1
767,13514.43,41315.41,16,0.4322,0,0.0244,0
455,10318.24,53390.99,39,,1,0.9876,1
627,12429.24,62900.38,28,0.3179,0,0.051,0
805,17122.96,57298.49,39,,0,0.06,0
559,24242.12,69811.4,20,,1,0.8848,1
412,14101.64,29586.7,37,0.1963,1,0.9208,1
570,10153.91,62473.29,16,,1,0.8934,1
335,20815.52,91923.32,1,,0,-0.0363,0
848,2985.51,55858.98,8,0.1834,1,0.9098,1
802,21258.9,56592.53,15,,0,-0.0434,0
317,6402.97,64346.69,27,,0,-0.0373,0
445,18942.96,45183.94,8,,1,0.8777,1
388,12143.46,37956.66,10,,1,0.8831,1
781,16925.46,56044.39,26,,0,-0.0015,0
776,27498.9,25227.86,1,0.3892,0,-0.1033,0
488,9973.34,62127.41,35,,1,0.8534,1
594,8996.69,65161.47,38,0.3005,0,0.0785,0
656,15469.27,26131.03,32,,1,0.8996,1
847,24151.97,57934.08,37,0.3834,1,0.9281,1
751,16074.99,51103.46,6,0.3988,0,0.0208,0
676,15267.69,81601.81,8,,1,0.8946,1
550,16014.48,78577.14,34,,0,-0.0441,0
697,8971.97,70149.14,9,,1,0.8725,1
654,16075.37,76792.26,28,0.2874,0,0.0979,0
618,12643.02,48425.98,23,0.3054,0,-0.0267,0
416,22934.77,59679.01,11,,1,0.9861,1
309,19787.93,50455.84,17,0.3039,0,-0.0208,0
584,7057.59,37051.15,17,,0,-0.016,0
799,13301.2,56487.98,35,0.2727,1,0.0038,0
846,18167.92,53501.6,21,,0,-0.0088,0
587,9110.83,51358.21,17,,0,-0.0469,0
831,8524.36,53933.68,26,,1,0.8993,1
304,12228.12,56094.39,5,0.4336,1,0.8264,1
751,17066.65,70981.9,12,0.3949,0,0.0182,0
415,21222.91,44479.44,21,,1,0.9112,1
496,16392.45,31966.6,24,0.3633,0,0.0364,0
492,29774.02,67204.02,4,0.2762,1,0.8752,1
423,10939.44,70418.44,12,,0,0.0369,0
457,19442.11,61443.16,17,,1,0.9215,1
600,8345.42,34501.75,0,0.2251,0,0.0064,0
315,24665.86,52633.19,23,,1,0.9989,1
419,23156.47,60130.82,33,0.4956,1,0.9235,1
454,19269.05,35769.82,37,,0,-0.0232,0
347,4582.0,41239.83,25,,1,0.9768,1
792,19213.45,52361.66,11,0.3339,0,0.0255,0
540,10085.2,76293.0,28,0.4414,0,0.0889,0
623,17721.73,59052.93,25,,0,-0.0927,0
620,6272.12,44694.44,1,,0,-0.015,0
479,16619.89,51370.02,0,0.2569,0,-0.0149,0
448,12878.68,43007.05,39,0.2606,1,0.8056,1
348,10330.59,47583.85,34,,0,0.0083,0
751,18555.61,68000.85,16,,1,0.8814,1
713,14692.2,20440.04,12,0.4055,0,-0.0999,0
660,13770.24,78669.0,3,,0,-0.0383,0
695,19423.16,94405.28,9,0.2544,0,0.0693,0
743,26423.75,57926.14,3,0.2705,0,0.0454,0
301,16654.04,40040.63,4,0.4077,1,0.8644,1
669,4164.16,75938.2,34,,1,0.863,1
846,5650.32,60003.02,31,,0,0.043,0
755,15413.49,45532.67,31,,1,0.8017,1
446,21158.82,37505.94,2,0.4512,1,0.9297,1
624,15808.25,47694.93,14,,1,0.8084,1
444,18069.39,58466.46,24,,0,0.0821,0
371,14647.08,71119.11,22,,1,0.9329,1
465,20772.57,60115.52,12,0.2695,1,0.8078,1
490,18699.63,63174.1,16,0.3643,1,0.881,1
828,8882.54,48992.65,28,,1,0.9159,1
557,17686.81,70388.71,33,0.2684,1,0.8007,1
762,5744.2,51279.02,38,,1,0.8978,1
824,17688.14,88083.86,28,0.3176,0,0.0241,0
650,13304.99,43250.04,10,0.4233,1,0.7966,1
570,15964.16,62109.9,36,0.2625,1,0.9373,1
571,16944.09,94409.02,24,,1,0.8938,1
731,16689.82,73755.19,30,0.3126,0,0.0458,0
479,23504.85,68417.48,14,0.4064,0,-0.0117,0
549,15204.48,60342.97,22,0.4227,1,0.8471,1
484,16133.5,55951.02,20,0.3762,1,0.8423,1
442,22978.9,51870.41,29,0.4215,1,0.8844,1
479,26380.8,44887.49,3,,0,-0.0094,0
354,14893.74,27356.9,21,,0,0.0532,0
774,11927.49,66531.11,8,,1,0.886,1
778,12224.92,27315.48,6,,1,0.822,1
674,17704.33,66724.94,31,,1,0.8771,1
714,13779.67,49433.52,21,,1,0.8238,1
523,4504.5,37801.48,13,,1,0.9175,1
590,21738.29,80302.33,26,0.3612,1,0.929,1
846,19892.33,28916.28,0,0.3415,1,0.9375,1
330,21879.86,43009.55,36,0.3117,1,0.8849,1
397,23064.75,44692.26,12,,1,0.865,1
753,16143.68,57692.33,4,0.3375,1,0.8745,1
342,16563.32,43971.76,26,0.287,1,0.8954,1
727,21039.95,81310.87,33,0.2402,0,-0.0255,0
502,7709.73,30316.69,38,,1,0.9805,1
689,12885.15,128537.52,30,0.2294,0,-0.0183,0
840,14644.06,35942.09,34,,0,-0.0051,0
615,20531.62,108205.65,12,,1,0.8624,1
313,11768.35,74674.75,30,,1,0.8636,1
589,10727.1,53014.78,0,0.4128,1,0.8363,1
344,12414.2,59079.33,37,0.4638,1,0.8486,1
818,17817.78,48182.3,32,0.2914,0,0.0936,0
487,14590.35,61247.03,26,,0,0.0272,0
825,6295.59,41733.79,37,,0,-0.0169,0
843,7478.54,67761.84,20,0.4182,0,-0.0328,0
476,15819.62,58275.95,12,0.3054,1,0.9618,1
488,16019.42,37188.79,21,0.4514,1,0.8582,1
778,15165.51,62688.64,2,0.3357,0,-0.0852,0
672,12175.73,61577.58,37,,0,0.0238,0
576,19725.88,42091.56,20,,0,-0.0463,0
775,17213.88,47301.29,0,,0,-0.0642,0
441,17009.46,64224.75,24,,1,0.8454,1
668,17222.38,74633.29,20,,0,0.0208,0
490,24584.49,52439.44,39,,1,0.8948,1
349,8854.37,71751.79,30,0.2838,0,-0.0492,0
494,12473.58,76007.1,10,0.2179,1,0.9235,1
381,12981.94,78458.77,1,,1,0.8586,1
846,22545.99,62505.71,17,0.6411,0,-0.0818,0
442,12757.48,38768.52,32,,1,0.8346,1
812,10245.24,71043.35,29,0.4386,0,0.0011,0
737,14365.15,51554.8,33,,0,-0.0392,0
502,15627.45,64117.09,33,,0,0.0053,0
741,22178.29,43677.92,20,0.2888,0,0.0556,0
327,12721.88,44196.93,32,,1,0.8685,1
393,10875.29,42374.93,33,,1,1.0333,1
740,9540.92,31150.46,4,0.2775,0,0.0138,0
508,12934.29,44438.54,5,,1,0.8912,1
384,30381.93,36406.71,9,0.3354,1,0.8333,1
376,17294.5,65192.79,37,,1,0.8826,1
742,18589.67,35832.19,34,,0,-0.0124,0
560,14998.26,42950.24,1,0.413,1,0.938,1
543,15824.3,55057.26,37,0.2836,0,-0.0298,0
500,19719.07,87623.66,1,,1,0.9216,1
352,18376.07,42542.11,30,,1,0.9021,1
845,17094.94,30120.0,20,,1,0.9487,1
419,15096.72,31386.53,25,,0,0.0527,0
513,12886.16,39508.49,29,0.4295,0,0.0167,0
754,17546.05,43177.03,34,0.3327,1,0.9382,1
327,15501.35,96482.89,28,0.2342,1,0.9562,1
623,27796.6,72401.4,21,,0,0.0269,0
586,21303.57,49329.68,22,,1,0.9139,1
696,10954.31,88351.36,38,,0,0.0205,0
798,7982.69,43973.55,31,,0,0.0806,0
354,12610.72,47597.44,24,,1,0.9056,1
503,8500.61,46517.73,24,,0,0.0364,0
500,12250.13,73483.26,11,0.3951,0,-0.0338,0
750,9182.58,53740.48,34,0.3297,1,0.975,1
549,13037.82,82131.87,28,,0,0.0225,0
529,13109.27,62812.06,4,,0,-0.0173,0
449,15883.03,71361.56,31,0.4922,1,0.8965,1
612,13758.74,22309.68,39,,0,-0.0109,0
641,9586.23,24415.4,29,,0,0.0002,0
576,22289.4,25007.78,35,0.3894,1,0.9105,1
638,17417.93,47294.02,31,0.3385,0,-0.0098,0
780,11733.22,27300.74,35,0.3881,0,-0.0794,0
774,9683.24,77325.75,23,0.3168,0,0.0887,0
612,6196.63,51414.58,14,0.2959,0,0.0133,0
821,5757.17,66076.15,18,,0,0.0136,0
508,21284.75,46139.11,37,,1,0.8976,1
311,20647.68,69846.43,27,,1,0.9454,1
721,11494.44,19628.41,5,,0,0.0024,0
723,23197.08,54119.97,15,0.296,0,-0.0155,0
327,18700.58,64012.96,3,,0,-0.0124,0
481,16219.52,65530.05,35,,1,0.9626,1
449,20171.64,49281.76,15,,0,0.0101,0
589,18710.77,24202.03,2,0.3017,1,0.8982,1
457,15922.06,73203.3,37,,0,-0.0218,0
709,13559.74,47939.08,33,,0,-0.016,0
612,14356.83,49503.08,38,,0,0.054,0
777,5352.15,94945.76,14,,0,-0.0458,0
758,10195.62,56738.82,19,,0,0.0335,0
464,25800.97,45659.58,20,,1,0.9353,1
604,10035.24,44581.3,30,0.4966,0,0.0108,0
639,3896.06,66613.08,33,,0,-0.0095,0
552,20423.78,40224.27,21,,1,0.8259,1
829,16491.69,64210.7,21,,0,0.0332,0
335,16829.24,74824.17,4,0.3861,0,-0.0798,0
803,14054.86,53410.68,7,,0,0.0083,0
833,20464.57,72780.89,26,,1,0.9026,1
501,24178.05,53760.83,18,,1,0.9384,1
462,11871.31,42625.81,5,0.3902,1,0.8552,1
322,18797.29,25037.62,4,,1,0.8527,1
371,21710.98,59951.99,26,,0,0.0267,0
428,11533.42,60329.52,35,,0,-0.0085,0
758,24057.47,72663.71,9,0.4098,1,0.7991,1
724,21691.0,70929.23,21,,1,0.8997,1
789,7547.93,92212.58,10,,1,0.9904,1
474,24569.87,44541.44,32,,1,0.9274,1
464,7862.53,61406.34,26,0.191,0,-0.0593,0
750,10875.33,42623.0,13,0.1887,1,0.9235,1
601,19101.98,71741.17,18,0.4013,1,0.9491,1
332,21248.76,38315.68,21,,1,0.8137,1
730,15592.07,71446.74,33,,0,-0.0144,0
352,11220.79,41742.32,19,0.3938,1,0.965,1
311,13439.32,68797.22,27,,1,0.8238,1
808,12729.09,76716.38,18,,0,-0.014,0
842,20047.33,27026.24,11,,0,-0.0108,0
689,12564.74,30750.52,24,0.2182,1,0.8792,1
478,11088.92,59228.35,31,0.0357,0,0.0688,0
390,6136.52,57312.19,39,,1,0.9611,1
563,11434.62,49741.04,2,0.3379,0,-0.0151,0
585,14289.78,46427.3,39,0.3735,1,0.8491,1
327,8217.6,39606.43,29,,1,0.9636,1
664,4531.65,60959.23,10,,1,0.9387,1
325,20879.75,37640.39,15,0.524,1,0.8992,1
570,8997.49,61589.79,27,,1,0.9327,1
361,7144.01,44661.16,12,,1,0.9324,1
326,24417.15,47391.65,13,,1,0.8563,1
476,20092.64,76884.02,20,,1,0.8703,1
623,21152.91,72180.7,27,0.4843,1,0.9003,1
806,18031.2,37055.81,36,,1,0.8033,1
330,22868.24,39287.44,34,0.4179,1,0.8829,1
583,20300.42,69000.99,10,,0,-0.0396,0
719,12933.36,29190.59,7,,0,0.0086,0
479,8609.71,81171.96,39,,1,0.8437,1
743,7301.13,57432.75,37,,0,0.0215,0
548,14161.81,44592.12,23,,1,0.9111,1
304,8400.04,55188.92,27,,1,0.8949,1
445,10213.91,79499.52,10,,1,0.9235,1
529,14086.24,16639.76,24,,0,0.0296,0
643,23387.28,73473.49,27,,0,-0.0119,0
382,5936.53,76501.85,11,0.338,1,0.9018,1
578,15178.35,49223.77,29,,1,0.8661,1
732,7491.4,53711.51,15,,0,-0.0345,0
508,11661.94,57456.06,21,0.2725,1,0.979,1
407,20579.11,68203.57,1,,1,0.8899,1
677,9909.99,41864.84,5,,1,0.8994,1
649,13419.78,54738.78,25,,1,0.8961,1
515,15846.13,53202.09,32,,0,0.0186,0
754,19207.07,67219.22,22,0.4542,0,-0.0272,0
743,11712.65,103157.58,32,,0,-0.0224,0
356,22564.68,41790.26,32,,1,0.9469,1
629,12329.21,56419.05,30,,1,0.8256,1
646,17906.12,41305.51,33,,1,0.9093,1
411,13860.51,46200.98,30,,0,-0.041,0
400,19445.43,35632.77,33,,1,0.7995,1
389,27165.05,27451.35,15,,1,0.8959,1
480,13334.4,76291.36,15,0.3655,1,0.8423,1
440,14903.91,61409.39,19,0.3358,0,-0.0667,0
687,12407.83,56671.78,21,0.375,0,0.1298,0
805,11484.31,39268.82,26,,0,0.0271,0
552,10804.22,53650.63,21,0.4207,0,0.0283,0
752,14888.12,34185.57,6,,1,0.8973,1
579,10338.13,54509.36,15,,0,-0.0597,0
834,10520.19,61007.16,24,0.3138,0,-0.0083,0
512,1000.0,45234.99,1,,1,0.8822,1
709,23309.71,41377.45,4,,1,0.8038,1
764,24862.81,46138.56,37,,0,0.0896,0
802,18892.55,69666.74,33,,0,-0.0045,0
517,9756.71,58629.24,23,0.4339,1,0.8584,1
495,7419.07,26075.52,4,,1,0.9062,1
307,5612.99,68022.31,10,,1,0.8311,1
640,18834.96,64778.6,30,0.4773,1,0.8531,1
607,22591.79,58367.74,29,,0,0.0768,0
515,15996.52,84621.08,8,,1,0.874,1
419,20146.97,55428.99,2,,1,0.8991,1
775,17669.08,62753.37,37,,1,0.9052,1
849,10374.71,63449.48,28,0.4728,0,-0.0087,0
848,21056.8,70793.48,26,0.3454,0,-0.0269,0
547,20673.43,50988.43,34,,1,1.0135,1
710,9057.1,43392.86,17,,1,0.8629,1
756,19842.63,72515.28,4,,0,-0.0447,0
729,14114.36,71584.12,1,0.2171,0,0.0245,0
495,13434.67,77947.02,39,,1,0.8358,1
784,17343.65,62480.24,24,0.3153,0,0.0511,0
661,17158.28,25322.39,29,,1,0.8899,1
352,20332.11,57953.47,15,0.4063,1,0.9065,1
389,9904.18,55606.44,4,,1,0.9148,1
564,18393.59,77130.1,31,,0,-0.017,0
817,8040.17,74051.78,31,,0,0.0458,0
702,13927.48,66030.56,31,,0,0.0325,0
655,14327.53,17686.09,20,,0,0.0258,0
632,20820.28,40153.29,27,0.4287,0,-0.0757,0
805,15055.58,48442.9,12,,0,-0.0174,0
597,13428.96,48855.36,10,,1,0.8944,1
523,23555.58,58003.74,1,,1,0.9869,1
512,12426.02,81643.69,6,,0,-0.0707,0
587,12173.09,69026.63,17,,1,0.8681,1
421,3741.03,38458.01,19,0.3924,1,0.9541,1
827,13698.8,40083.95,17,,0,-0.0469,0
807,9361.9,38458.12,18,,0,-0.0329,0
510,13495.62,52896.86,8,,0,0.0837,0
703,16439.75,69499.89,26,,0,0.0183,0
725,8489.38,72352.33,17,0.4207,0,0.0429,0
637,10062.12,48228.12,21,,1,0.9361,1
361,5403.25,54457.46,23,0.0223,0,0.0059,0
346,11941.12,85135.25,19,,0,0.0046,0
693,9333.1,28272.6,22,,0,0.0443,0
361,27865.15,66483.33,19,,0,-0.0423,0
751,24024.23,64539.11,15,,1,0.9867,1
537,23051.05,49660.39,20,0.3802,1,0.8733,1
741,7231.29,54667.94,27,,0,0.0512,0
369,13935.81,62563.96,34,0.2857,0,0.0253,0
516,7780.86,49698.03,3,,1,0.8726,1
381,26056.93,43523.1,6,,1,0.9242,1
568,19986.5,42167.51,4,,0,0.0064,0
344,8684.49,88519.02,0,,1,0.8117,1
451,17216.84,47074.71,33,,1,0.8957,1
461,6104.63,58624.32,8,0.4238,1,0.8376,1
580,14181.1,69134.54,11,,1,0.9254,1
306,13946.62,51193.07,12,,0,-0.0071,0
472,19437.89,55644.22,34,0.4855,0,0.0439,0
702,20927.04,64049.41,24,0.4346,1,0.8652,1
524,15121.94,39737.22,4,,0,-0.0648,0
629,13656.0,27343.85,33,0.4354,0,-0.0538,0
772,1000.0,41849.12,39,,0,0.101,0
579,24372.74,86112.42,28,,1,1.0515,1
783,11054.45,44647.14,19,0.2326,0,0.1001,0
842,15612.88,57351.68,39,0.3425,0,-0.077,0
590,28554.55,31135.4,1,0.3892,1,0.8312,1
565,7835.67,79158.6,0,0.3425,1,0.8467,1
474,15127.63,49580.46,31,,0,0.0387,0
778,17981.15,46811.01,7,,0,0.1054,0
730,21554.77,52598.22,2,,0,0.0452,0
404,15007.32,100234.67,3,0.3555,1,0.9095,1
658,22053.49,62947.5,17,,1,0.8538,1
445,12506.16,52177.71,26,0.2627,1,0.8857,1
844,18261.11,8000.0,17,,0,0.0044,0
480,17483.74,79353.91,17,,0,0.0441,0
346,14453.35,42491.98,5,,1,0.875,1
844,16941.0,39652.28,12,0.2902,1,0.9201,1
634,9752.61,41261.54,37,,0,0.0138,0
799,13208.1,81370.43,12,,1,0.905,1
790,7278.72,54241.06,13,,1,0.8802,1
546,12350.64,27602.89,35,,0,0.006,0
542,21829.09,51325.58,2,,1,0.8952,1
764,17522.49,40032.35,3,,1,0.8609,1
508,16847.58,61471.74,35,,1,0.9442,1
428,5406.72,48044.48,12,0.3866,1,0.9787,1
611,16920.31,26752.68,9,,1,0.9085,1
625,14623.35,53515.2,19,,0,-0.0023,0
752,18224.49,53977.68,1,,1,0.9379,1
389,23299.3,32437.13,16,0.3749,0,0.0093,0
567,12546.48,19718.71,0,,0,0.057,0
616,13106.37,60087.06,27,,0,0.0053,0
828,20508.79,49948.43,34,,1,0.9293,1
422,11379.48,51126.74,24,,1,0.9867,1
641,15524.35,68424.98,7,0.4363,0,0.0634,0
622,3020.47,20103.73,32,0.1812,0,-0.0078,0
824,13151.67,56085.45,26,0.2549,0,0.0541,0
535,22830.13,66926.4,33,,1,0.8466,1
399,17012.62,51712.34,36,,0,-0.01,0
607,20396.5,29509.29,15,,0,0.0417,0
770,20737.89,43105.06,38,0.3405,1,0.9765,1
388,23095.55,46873.64,34,0.2856,1,0.8624,1
694,12916.99,26578.39,23,0.3364,0,-0.0014,0
578,20653.68,61684.74,25,0.2725,1,0.9002,1
737,28485.71,55057.66,18,0.2488,1,0.8954,1
474,14842.12,43427.25,34,,1,0.8392,1
769,7082.02,72739.43,2,0.4613,0,0.025,0
379,11430.27,45604.29,18,,1,0.8362,1
591,17810.02,81638.28,4,,1,0.9569,1
575,5029.75,50159.29,1,0.473,1,0.9675,1
453,10427.49,37818.25,37,,1,0.8681,1
376,13021.3,38361.64,26,,1,0.8365,1
819,15659.15,56639.46,18,,0,-0.0016,0
535,25779.06,35731.26,38,0.255,1,0.874,1
810,19126.88,57599.22,3,,1,0.8895,1
477,8316.82,47790.65,37,,1,0.9046,1
653,38205.64,47377.88,19,,1,0.8535,1
598,14900.88,54250.65,6,,1,0.983,1
521,4917.47,73084.31,11,,0,-0.0321,0
566,8769.71,45226.11,19,0.429,0,0.0468,0
440,8805.23,58314.32,32,,1,0.8555,1
374,6912.11,62997.39,34,,1,0.9031,1
667,18077.78,33222.82,5,0.3543,1,0.9225,1
453,1000.0,64409.72,16,,0,0.0068,0
591,20893.51,69676.84,16,0.5277,0,-0.0127,0
606,19886.45,72390.58,20,,0,-0.0246,0
848,12261.12,35042.5,22,,0,-0.0203,0
758,20494.28,36300.43,39,0.3549,1,0.8662,1
401,8443.54,54021.72,10,0.177,1,0.9167,1
332,9946.06,52997.58,19,0.3861,1,0.9916,1
831,18297.3,55347.65,11,0.4361,0,0.018,0
349,13742.75,48581.01,7,,1,0.9298,1
692,11249.36,58344.94,15,,0,0.0541,0
738,14318.79,9026.66,1,0.2841,0,-0.0226,0
776,22912.59,66845.45,31,0.3707,1,0.8098,1
486,22679.97,81493.95,18,,1,0.9001,1
492,17556.76,45045.08,17,,0,0.0427,0
441,12867.41,58642.41,20,,1,1.0005,1
392,18128.48,85252.04,20,0.426,0,-0.049,0
426,9825.32,55602.35,36,0.4006,0,0.055,0
411,22013.69,60497.67,23,,1,0.9131,1
833,20702.55,88150.63,31,,0,-0.0194,0
567,26589.54,91655.71,32,0.1921,1,0.8477,1
580,10186.94,35906.22,2,,1,0.8708,1
644,9442.21,47593.12,32,0.2418,0,0.0287,0
388,18307.95,71084.6,32,0.536,1,0.9611,1
843,13357.43,63948.07,25,0.2793,1,0.7638,1
523,20995.91,67708.75,2,,1,0.9256,1
579,22906.26,8000.0,0,0.3256,1,0.8713,1
443,25216.83,19830.19,0,,0,-0.024,0
464,15350.39,87115.87,28,,0,0.0208,0
392,20282.31,68929.73,21,,0,0.0961,0
577,11898.24,61365.55,14,,0,-0.0359,0
838,16303.29,32638.78,21,,1,0.8952,1
310,14679.38,47530.22,18,,1,0.8212,1
544,14359.36,65253.74,12,,0,0.0219,0
514,25943.5,30104.53,30,0.4309,1,0.8655,1
680,6947.52,42305.43,18,0.2875,0,0.0788,0
707,14970.13,61757.21,21,0.3592,0,0.018,0
794,15322.62,65615.37,36,0.3903,0,-0.0142,0
440,18859.8,45585.13,36,,1,0.8862,1
413,8416.97,72680.82,27,,0,0.0182,0
563,13206.09,72095.99,36,,0,0.0346,0
370,11425.4,22730.44,13,,0,-0.0584,0
564,1488.53,84483.39,14,0.2585,0,-0.0074,0
443,21974.87,75995.48,37,0.174,1,0.8999,1
472,6180.41,58718.24,35,,0,0.0106,0
691,5380.69,52528.61,6,,0,0.0653,0
382,20685.77,69208.18,0,,1,0.8287,1
510,12990.87,64606.94,7,0.4476,0,0.0478,0
671,13198.3,50112.05,30,,0,0.0182,0
568,13312.68,83912.88,9,,0,-0.0249,0
770,21446.22,17115.37,39,,0,0.0403,0
311,11689.07,43031.93,9,,1,0.8808,1
524,18570.39,63060.01,6,0.2864,1,0.8094,1
302,8152.94,54062.13,2,,1,0.7283,1
334,16980.27,67592.63,37,0.5341,1,0.8392,1
523,20416.15,29896.48,12,0.2776,1,0.8728,1
438,23430.58,50420.04,32,,1,0.9086,1
382,5705.22,75706.63,21,0.3482,1,0.9299,1
827,13219.82,28113.28,6,,0,-0.0129,0
735,24590.18,50671.58,8,,1,0.8295,1
538,20531.21,45445.27,3,0.2385,1,0.881,1
823,13805.93,61540.54,4,0.4276,1,0.8891,1
346,15022.85,62075.7,32,,1,0.9869,1
809,16782.11,56747.78,26,0.4398,1,0.9278,1
782,12762.11,49782.63,6,0.3306,0,-0.0828,0
556,18282.9,56138.82,16,,1,0.8842,1
691,17943.05,52036.29,9,,0,0.0348,0
457,8311.32,54415.67,26,,1,0.901,1
830,12061.37,81225.41,5,,1,0.8188,1
566,12275.48,33359.36,9,,0,0.0409,0
419,13466.86,61149.82,26,0.4323,1,0.9182,1
357,16619.26,38041.97,30,0.3636,1,0.8922,1
684,16082.84,90189.85,38,,1,0.8597,1
819,10681.47,56603.41,38,,0,0.0507,0
680,23041.65,32178.28,28,,1,0.8093,1
669,15030.34,50825.56,10,,0,-0.0777,0
733,23781.71,28739.48,33,,0,-0.0367,0
457,23641.12,43601.83,25,0.4925,1,0.9151,1
485,8644.78,66083.54,38,,0,-0.0682,0
717,12057.97,79502.28,30,0.305,0,-0.0272,0
656,12496.41,74452.35,32,0.307,0,-0.0171,0
434,16879.86,53112.22,21,,1,0.9172,1
332,19358.45,65261.0,32,0.2499,1,0.8862,1
713,15881.56,69553.11,11,0.3821,0,-0.0137,0
773,11694.57,95495.08,3,,0,-0.0353,0
521,24909.62,44128.44,8,,1,0.9545,1
757,12369.44,82169.04,22,0.1479,0,0.033,0
775,19450.97,35343.3,25,,0,0.0312,0
685,14777.02,76238.87,19,0.3754,0,-0.0389,0
844,14609.0,43828.21,19,,0,-0.0256,0
835,19042.51,42692.84,7,0.3369,0,0.0238,0
476,24258.02,49876.31,33,,1,0.8706,1
794,16829.95,41032.11,9,,1,0.8537,1
603,12067.0,62668.99,3,,1,0.9144,1
510,23880.44,77077.75,6,,1,0.8346,1
430,17963.07,16991.89,1,,1,0.8895,1
679,16022.18,51857.16,39,,0,0.0446,0
740,21166.05,35441.89,14,0.3243,1,0.9073,1
411,16933.31,71291.48,31,,1,0.8476,1
570,29741.72,80567.25,18,,1,0.9236,1
790,15011.14,51856.44,36,,0,-0.03,0
841,21897.92,42340.53,25,0.2592,0,0.0423,0
541,17651.93,25926.33,9,,1,0.9255,1
787,17632.11,90078.22,4,0.2536,0,-0.0174,0
769,12827.54,78740.75,6,0.4919,1,0.8625,1
449,12857.31,19386.85,23,0.1658,1,0.8575,1
550,17979.79,66798.53,1,,1,1.0295,1
365,9790.43,34981.57,32,,1,0.7854,1
303,11546.71,45846.52,11,0.5476,1,0.812,1
640,15091.79,32527.44,36,0.3409,1,0.9551,1
301,22442.24,18985.67,4,0.4604,1,0.9443,1
474,15483.19,54179.45,35,0.4275,1,0.918,1
396,15388.15,89117.42,34,,0,-0.0996,0
439,8648.31,38331.36,20,,1,0.9269,1
432,25174.12,71043.72,19,,1,0.851,1
599,21642.7,73869.28,35,,1,0.8951,1
725,22318.23,67991.5,32,0.4004,0,0.0203,0
596,6284.08,90936.23,21,,0,0.0253,0
716,17109.32,72193.73,13,,1,0.8675,1
595,9370.47,87483.79,2,,0,0.0642,0
678,19629.78,34352.8,37,0.2314,0,0.0406,0
461,16930.15,68416.44,38,,0,-0.048,0
480,18112.98,82196.19,34,0.3064,1,0.876,1
385,10700.34,41103.96,0,0.4241,1,0.8621,1
586,8760.93,8000.0,17,,0,-0.0031,0
401,11155.63,32187.95,11,,1,0.9315,1
643,16846.8,41954.15,17,,0,-0.0925,0
696,13546.62,65101.27,1,,0,-0.0992,0
786,16518.96,44804.17,21,,1,0.8584,1
557,8856.17,55056.16,21,,1,0.9676,1
845,14960.78,44122.0,9,,1,0.9119,1
558,23370.62,52686.24,22,,1,0.9789,1
692,16994.02,53807.96,21,0.3965,0,-0.0078,0
837,17369.45,43617.21,25,,0,-0.0421,0
591,17417.46,69782.58,9,,1,0.8162,1
804,11928.42,79845.67,5,0.4387,1,0.8585,1
616,24790.44,34320.32,12,0.3235,0,-0.031,0
335,17142.14,58911.69,0,0.3618,1,0.7787,1
571,16063.21,29268.47,27,,0,-0.0421,0
738,19121.84,23450.95,10,,1,0.8575,1
656,20644.16,73657.75,12,,0,0.0011,0
436,7526.38,91133.3,2,,0,-0.0021,0
458,15338.18,49089.43,20,0.2479,1,0.916,1
697,28411.09,87999.35,1,,1,0.8189,1
739,24931.88,43332.4,18,0.428,1,0.8432,1
395,14361.59,50779.29,10,0.53,1,0.9463,1
550,19368.0,85019.24,25,,1,0.887,1
379,13040.35,38572.05,39,,0,0.0423,0
461,17121.99,71500.22,22,,0,-0.0071,0
816,12250.11,48731.0,32,0.4038,1,0.9094,1
316,12148.31,42027.3,7,0.2385,0,0.0264,0
607,11448.87,45841.52,14,0.4702,1,0.8722,1
548,25093.93,15970.61,32,,1,0.8666,1
492,12117.31,77699.61,15,0.2523,1,0.866,1
793,21850.63,59073.4,36,,1,0.8961,1
790,12410.02,52336.01,37,,1,0.9287,1
311,11723.16,42527.02,29,0.4558,1,0.8797,1
459,17336.43,60611.97,26,0.3146,1,0.9578,1
430,7207.6,70902.12,13,0.2511,0,0.0875,0
335,18988.0,50058.19,33,,0,-0.0439,0
576,14183.22,72344.62,39,,0,0.0594,0
517,11695.44,59951.79,34,,1,0.8991,1
519,10407.09,53319.16,13,,0,0.019,0
689,26828.02,71422.53,6,0.4786,1,0.8933,1
834,14794.14,45857.53,36,,0,0.061,0
664,14541.13,32472.42,0,,1,0.9174,1
639,20237.71,54044.39,31,,1,0.8826,1
560,9950.13,55635.02,10,,1,0.8791,1
521,21805.79,50998.2,30,,1,0.8399,1
580,14785.55,76418.11,23,,0,-0.0286,0
446,6697.38,64008.86,4,,1,0.961,1
591,11817.04,52928.85,36,,0,0.0541,0
508,8429.05,54900.83,37,,1,0.868,1
505,15486.92,56451.33,12,,1,0.8451,1
777,10238.45,64468.95,6,,1,0.9476,1
345,9577.79,55945.62,34,,1,0.9215,1
749,16753.21,52219.68,17,0.2312,1,0.8012,1
386,15263.6,30984.33,26,,1,1.044,1
508,22254.94,42223.67,32,0.3227,1,0.9006,1
698,21989.1,59986.03,26,0.3914,0,0.0851,0
802,15368.2,58384.08,18,0.2793,0,0.0087,0
745,17997.89,28264.04,28,0.3588,0,-0.052,0
699,6554.83,44885.49,3,0.3585,1,0.9097,1
517,19176.25,38264.45,20,,1,0.8266,1
498,17464.21,79563.41,24,,1,0.8937,1
481,20724.48,59520.4,26,,1,0.8456,1
758,13162.64,62746.26,8,,1,0.8898,1
634,13214.92,53799.03,31,0.3662,0,0.0124,0
335,13252.39,43726.12,13,,0,0.0148,0
311,23607.51,46982.08,23,,1,0.827,1
366,16697.54,63869.02,28,0.4236,0,-0.0322,0
613,6024.24,50318.25,1,,1,0.8012,1
839,18866.29,64055.55,38,,0,0.031,0
557,12220.21,57573.52,20,,1,0.9101,1
435,21507.48,60319.82,0,0.4543,1,0.8413,1
543,18232.51,61238.03,23,0.3365,1,0.9703,1
689,22442.67,45529.2,10,,1,0.9233,1
300,21233.16,49403.43,35,0.1946,1,0.8947,1
661,20624.2,71359.24,6,,1,0.8763,1
818,21806.85,87874.49,0,,0,-0.0319,0
813,19890.36,71523.86,29,,0,-0.0395,0
395,10836.95,8000.0,1,,1,0.9587,1
839,8138.49,41356.04,7,,0,0.0137,0
362,10018.48,57064.9,14,,0,-0.0524,0
558,19384.17,35232.09,34,0.3555,0,0.0648,0
512,1659.62,34388.43,32,,1,0.8955,1
668,14907.6,47463.1,24,,0,-0.046,0
728,13404.82,61215.81,19,,0,0.0988,0
635,22343.07,66115.66,26,0.2419,0,-0.0547,0
720,14296.73,48387.76,12,0.3852,1,0.8587,1
840,12788.9,47005.75,35,0.2161,0,0.0,0
581,22896.09,39813.73,27,,1,0.9161,1
617,14448.55,64127.74,23,,0,-0.0376,0
602,13479.4,62918.02,20,,0,-0.1105,0
447,12064.64,71326.82,25,0.3552,1,0.9016,1
550,16713.84,57335.55,22,0.2711,1,0.8477,1
607,13011.11,31398.31,27,0.4377,1,0.882,1
313,13032.78,48720.0,17,0.3819,1,0.8595,1
515,23701.4,70424.55,11,,1,0.8458,1
452,15293.35,23761.36,29,,1,0.8867,1
666,12310.7,53473.09,12,,0,-0.0316,0
513,9029.37,60132.71,0,,1,0.858,1
374,16191.08,91066.37,2,0.4412,1,0.9483,1
604,11641.51,44179.94,0,,1,0.8503,1
553,12790.0,52809.82,20,,1,0.8874,1
662,9890.82,85376.83,27,,0,-0.0019,0
708,16181.4,44410.19,11,,0,-0.0845,0
843,7180.05,74344.7,1,,0,-0.0559,0
639,17468.8,62067.89,25,,0,-0.002,0
579,11721.17,51021.78,13,,1,0.8961,1
454,19299.83,63129.11,31,,0,-0.0394,0
669,17911.58,52344.79,14,0.4,1,0.8987,1
526,15624.04,95640.65,25,,1,0.9134,1
828,20076.86,17819.98,24,,0,0.0293,0
676,24341.7,49915.6,11,,0,0.0333,0
453,22610.97,50443.19,30,,0,0.0605,0
816,7134.81,52588.13,32,0.3049,1,0.9054,1
549,11367.8,74447.64,32,,1,0.8306,1
641,12102.34,46953.34,12,0.5008,0,-0.0148,0
696,18831.66,63856.72,11,,1,0.8365,1
659,11866.63,59166.4,11,,0,0.0423,0
610,11631.1,70092.58,6,,1,0.9687,1
703,10594.94,52530.71,35,,0,-0.0003,0
791,16793.33,60799.73,39,,0,0.0581,0
389,18808.06,52778.08,33,,1,0.9547,1
611,7730.36,37251.04,1,,0,0.0152,0
633,11914.56,83782.66,37,0.3942,0,0.0263,0
807,3629.82,41280.69,32,,0,0.0474,0
616,1000.0,46387.22,2,,0,-0.0698,0
381,17907.99,39577.2,0,,1,0.9124,1
719,16892.56,62236.39,10,0.458,0,0.0277,0
741,16034.43,46393.11,19,,0,-0.0717,0
761,24521.87,82274.36,14,,0,0.0956,0
417,4945.59,64611.11,25,,1,0.9546,1
382,2519.37,50016.78,27,,0,0.055,0
327,8259.94,38624.49,19,0.5029,0,0.0204,0
535,2282.16,53007.28,15,,1,0.8526,1
361,11319.86,64360.55,22,,0,-0.0634,0
720,18497.16,54174.08,4,,0,-0.005,0
619,16779.37,52473.62,1,,1,0.9348,1
473,21165.1,36631.54,31,,1,0.9271,1
459,17224.6,95376.65,6,,0,0.0855,0
547,12575.76,51380.0,39,0.3276,1,0.8845,1
379,11844.23,30258.69,22,0.3662,1,0.882,1
529,17624.73,35649.16,21,,1,0.9004,1
645,5819.03,48806.15,33,,1,0.8422,1
553,1000.0,90005.97,8,0.5181,1,0.9751,1
568,17341.34,51932.75,21,0.4957,1,0.8875,1
755,16405.75,48253.57,18,,0,0.0127,0
509,24415.79,70204.46,19,,1,0.9407,1
368,19178.61,71518.33,36,0.2797,1,0.8624,1
594,16855.07,66863.58,39,,0,0.0139,0
395,13127.22,58597.77,16,,0,-0.0004,0
773,10133.23,35121.95,15,,0,0.0488,0
385,13318.48,41481.7,10,0.4096,0,0.0004,0
698,20730.8,26363.3,15,,1,0.7572,1
548,17781.98,50968.67,17,,0,-0.0467,0
572,20605.38,47356.12,2,,0,-0.075,0
787,15640.28,45487.96,9,,0,0.0964,0
752,9602.75,60026.73,31,,0,0.0707,0
394,21963.48,43170.58,28,,1,0.7925,1
774,21420.51,48871.63,2,,1,0.8495,1
476,16113.14,46246.02,35,0.5371,1,0.8308,1
506,18335.8,54426.7,5,,1,0.9108,1
756,18005.71,61563.47,6,0.3333,0,-0.0478,0
382,12189.62,30798.4,2,0.4494,0,-0.0133,0
526,13439.47,63157.88,6,0.2148,1,0.8311,1
363,9541.96,59756.55,7,,1,0.9215,1
610,13417.14,62535.27,35,,0,-0.084,0
651,21185.05,57398.16,17,,1,1.0252,1
620,20046.33,61508.15,7,,1,0.9752,1
814,18350.78,47518.01,1,0.4005,0,0.1241,0
690,20755.07,62980.63,9,0.5388,1,0.9303,1
321,12808.11,75602.21,16,0.3841,1,0.9778,1
413,7960.09,46083.14,17,0.3455,1,0.9446,1
573,14058.74,46736.3,19,0.3292,1,0.8498,1
551,14533.87,66349.09,8,,1,0.8814,1
406,19054.42,45027.86,4,0.3638,1,0.9212,1
590,18068.68,42053.71,19,,0,0.0576,0
592,21063.48,62599.1,2,0.4,1,0.8997,1
549,2910.55,47251.58,35,0.466,1,0.9277,1
771,10211.81,76991.44,12,,0,-0.0166,0
509,14451.84,46608.19,26,,0,-0.0206,0
732,17876.12,40255.92,26,,0,-0.0736,0
684,27566.32,54913.86,1,,0,0.0221,0
834,9136.15,62837.75,24,0.446,0,-0.0246,0
649,10741.0,60765.71,25,,0,-0.0642,0
566,12460.04,64700.43,5,,0,-0.0296,0
300,10526.58,45043.19,23,0.4072,1,0.9143,1
664,9670.58,75438.88,3,,0,0.0334,0
590,15275.5,25203.73,18,0.3866,1,0.8908,1
794,20901.87,40944.58,7,,0,0.0534,0
627,15716.1,55690.62,13,0.4242,0,0.0745,0
683,9841.71,42451.87,34,0.3478,0,-0.0143,0
801,13822.68,49425.4,35,0.4,0,0.0487,0
830,8768.46,37330.12,37,,0,-0.0334,0
421,20898.17,51253.18,38,,1,0.835,1
435,23826.92,63335.39,20,,1,0.8528,1
731,5429.17,45360.1,34,0.2751,0,-0.0432,0
374,16374.16,39178.59,36,,1,0.8781,1
750,10330.77,46703.47,11,,0,0.0991,0
382,15377.26,74869.62,5,,1,0.8738,1
500,14486.67,74720.32,15,,1,0.8812,1
768,6953.63,46394.02,26,0.3521,0,0.0077,0
375,22252.9,64149.17,4,,1,0.834,1
329,14089.74,54669.98,25,,1,0.9073,1
717,12179.94,78112.87,13,,0,0.0328,0
745,15697.85,58448.19,17,,0,0.0741,0
714,9776.42,51372.02,15,,0,0.0657,0
555,13898.06,83797.79,29,,1,0.9182,1
719,3976.08,38371.58,13,0.1949,0,-0.0112,0
680,1000.0,60745.68,18,0.4593,0,-0.0083,0
507,9179.54,79589.3,25,,1,0.9204,1
710,11805.69,66990.88,34,,0,-0.0023,0
406,4457.98,41268.86,18,,1,0.8955,1
533,12015.13,40299.95,5,0.2128,1,0.8533,1
755,11797.68,29647.22,22,0.1555,1,0.9335,1
380,14630.62,81692.59,0,0.3096,1,0.9149,1
531,18684.92,34607.92,26,0.3561,0,-0.0378,0
639,25272.56,67841.23,15,,1,0.9745,1
628,17569.5,29322.79,25,0.1709,0,0.0104,0
826,9095.32,101027.64,5,,1,0.8288,1
663,18998.95,30647.85,19,,0,0.0472,0
314,23403.63,55765.39,7,,1,0.8664,1
847,8278.37,76817.08,22,,0,-0.0205,0
424,8612.26,42344.69,1,0.5368,0,-0.0093,0
626,6473.64,65147.88,20,0.3462,1,0.9432,1
780,11613.02,49927.02,17,0.3815,1,0.8971,1
634,17239.29,61987.45,5,0.3479,1,0.9309,1
338,23899.22,74453.86,29,,1,0.8213,1
493,20350.04,47289.34,33,,1,0.8448,1
305,17313.16,81944.39,22,,0,0.0016,0
531,15274.55,61343.72,20,,0,-0.0363,0
782,17349.1,90072.39,14,,0,-0.0102,0
441,17702.67,40024.97,11,0.5082,1,0.9373,1
722,22819.18,43442.62,0,0.3957,1,0.8598,1
323,14874.71,50819.21,19,,0,-0.0368,0
439,16570.49,33172.25,20,,1,0.9055,1
615,12549.01,71665.9,1,0.2785,0,-0.1063,0
831,15680.4,53634.88,13,0.4928,0,0.0504,0
640,13462.17,34369.76,22,,0,0.0065,0
691,7862.57,40189.74,9,,0,0.0047,0
724,20239.66,39340.64,23,0.1664,0,-0.027,0
365,23929.53,71625.87,18,,1,0.9345,1
827,14775.44,63229.17,37,,0,-0.0081,0
553,16992.32,52613.82,6,0.2562,1,0.9613,1
469,20169.87,48424.63,1,,1,0.8145,1
775,14140.04,50702.85,12,,1,0.9032,1
569,16137.57,87060.05,32,,1,0.9021,1
667,13698.09,50789.78,37,,1,0.9156,1
503,11702.98,70435.86,25,0.3538,1,0.9702,1
622,18129.51,49072.41,24,,1,0.8318,1
384,18075.13,85284.96,28,,1,0.8303,1
529,20535.26,33054.55,39,,1,0.8823,1
548,14979.61,69526.55,37,0.3722,1,0.8054,1
436,7801.05,41330.92,25,,0,0.1153,0
801,21645.97,94839.37,14,,1,0.9467,1
637,10592.77,67552.24,3,,0,0.0259,0
778,10489.19,24331.73,6,,0,0.0391,0
384,11808.26,38233.61,26,,0,0.0636,0
532,4538.44,67332.74,2,,1,0.8693,1
745,13694.26,66840.25,34,0.1701,0,-0.0181,0
389,18716.04,65496.25,19,0.1362,1,0.9171,1
415,12398.21,57818.52,36,0.309,1,0.8748,1
807,23029.18,49259.4,34,0.4331,1,0.8536,1
366,22657.22,74561.45,22,,1,0.8735,1
551,20335.73,39445.18,17,0.3253,0,0.0191,0
339,3390.27,55961.8,4,0.2846,1,0.9456,1
486,23602.27,43837.45,38,0.2665,1,0.8365,1
748,13576.94,42401.45,25,,1,0.8905,1
500,25070.47,46738.0,16,0.2702,1,0.8973,1
557,11375.59,41765.27,5,0.2148,1,0.8305,1
803,14161.15,64894.84,34,,0,0.0224,0
519,15537.77,28430.16,2,,1,0.8946,1
630,9405.89,62758.31,26,,0,-0.0469,0
586,5277.21,43583.2,8,0.3786,1,0.8759,1
695,1000.0,55546.99,25,0.277,0,0.0268,0
623,32716.89,51996.8,3,,1,0.9489,1
757,4988.33,46014.01,32,,1,0.917,1
784,5071.0,76836.22,17,,0,0.0953,0
842,18431.97,48324.12,17,0.4214,0,0.0558,0
489,6457.0,67663.04,37,,0,0.0276,0
397,5342.41,67894.97,7,0.4908,1,0.8649,1
402,1000.0,50093.49,26,,1,0.9566,1
733,16756.31,32357.98,22,,0,-0.0384,0
777,8579.65,39121.38,27,,0,0.0373,0
432,18860.33,78018.37,26,,0,-0.1222,0
564,14545.17,63865.91,32,0.2423,0,-0.0247,0
310,15513.12,57499.4,14,,0,-0.0699,0
618,12279.44,44793.51,9,0.4184,0,-0.0143,0
685,13345.26,86172.79,27,0.457,0,-0.077,0
386,9631.15,39374.06,22,0.4193,0,0.0014,0
809,10199.54,57514.76,36,0.3821,0,0.0234,0
774,8430.03,64032.52,28,,0,-0.0325,0
826,24083.89,31497.29,9,0.3521,1,0.884,1
816,12623.25,41347.36,12,,0,0.011,0
345,1411.09,46764.18,27,0.4162,1,0.8976,1
546,16552.56,70514.38,15,0.4385,1,0.9674,1
534,10177.56,47118.89,36,0.4451,1,0.8657,1
311,14733.12,29148.59,28,,0,0.0269,0
814,13382.71,27418.91,14,0.4134,0,0.013,0
314,23941.05,41194.01,32,0.312,1,0.8206,1
682,12698.24,28178.05,27,,0,0.0044,0
466,19896.44,68835.58,14,,0,-0.0043,0
628,19263.0,69541.13,16,,0,-0.0246,0
570,6800.66,55126.99,25,0.4095,1,0.9887,1
421,16126.48,50263.93,9,,0,0.0643,0
538,10450.04,68348.74,26,,0,-0.0381,0
689,7748.05,67603.23,13,0.2635,1,0.9318,1
612,7771.68,37239.77,37,,0,0.0372,0
423,19927.87,39726.76,22,0.3631,1,0.9073,1
441,30858.16,67717.8,31,0.3638,1,0.8451,1
682,10168.15,59869.99,22,,0,-0.0476,0
415,16294.45,65948.23,7,,0,0.0264,0
627,16862.56,38909.37,26,,0,0.0253,0
835,11820.07,41470.12,25,,0,-0.0143,0
616,23445.62,63350.0,5,,1,0.9658,1
454,28181.67,42724.74,38,,1,0.9747,1
668,11413.78,27641.08,3,,0,0.0741,0
820,25406.36,42997.39,15,0.1795,0,0.0743,0
656,11719.73,51307.51,4,,0,-0.0008,0
614,9178.48,85624.28,30,,1,0.8333,1
637,14164.0,39907.97,17,,0,-0.0161,0
338,20214.1,53889.65,21,,1,0.8943,1
312,14374.67,91772.7,35,,1,0.8685,1
627,19426.76,35318.67,17,,1,0.881,1
562,16359.45,66888.81,19,,1,0.8422,1
842,23117.07,42202.43,22,,1,0.9357,1
562,18183.91,62230.48,37,,1,0.9814,1
761,24183.3,97023.56,17,,0,0.1191,0
662,9854.45,69247.9,9,0.4846,0,0.0124,0
466,13779.26,57733.46,12,,1,0.8914,1
774,14990.79,37879.78,21,,0,-0.0018,0
352,9876.72,51842.43,30,,1,0.9681,1
682,8957.39,44823.56,34,0.3251,0,0.0672,0
553,17292.66,28890.02,21,,0,-0.012,0
697,18991.49,16679.44,19,,0,0.0602,0
354,15675.81,40051.61,37,,1,0.9081,1
411,21354.13,54432.16,26,0.2579,1,0.8632,1
463,8380.1,75147.73,0,,1,0.8923,1
611,12653.63,41712.59,26,,0,0.0852,0
804,7920.86,58449.06,30,0.3593,0,0.0361,0
799,15836.32,24378.53,30,,0,-0.0253,0
659,17927.21,40592.76,6,,1,0.9469,1
362,23051.05,10948.07,20,0.4593,1,0.9357,1
730,7936.46,95214.24,30,,1,0.8845,1
767,17234.53,58563.86,37,,0,-0.0373,0
597,23616.68,57995.41,34,0.4432,1,0.8444,1
336,8989.87,64633.95,31,,1,0.8178,1
392,7582.52,100582.43,31,,1,0.8673,1
743,6153.2,47165.07,14,,0,-0.0089,0
382,18746.86,37346.06,23,0.5348,1,0.963,1
486,10647.14,91003.27,1,,0,0.0412,0
721,17868.32,32844.05,4,,0,0.0098,0
383,13703.07,78366.29,10,,1,0.8063,1
536,25805.42,53671.25,38,,0,0.0148,0
676,19727.17,62800.25,9,0.366,0,-0.0823,0
574,10177.14,29139.17,13,0.5474,1,0.9437,1
782,13187.45,101684.38,32,0.2566,0,0.0451,0
398,19727.21,48119.85,1,0.4464,1,0.9025,1
614,8588.17,42375.64,6,,1,0.9408,1
498,22093.0,64870.68,0,,1,0.9507,1
607,13498.68,43390.65,23,0.3675,1,0.9055,1
372,19853.46,62640.28,29,0.3449,0,-0.0072,0
677,13823.3,32302.33,37,,1,0.8336,1
412,11856.94,57620.95,33,,1,0.8822,1
744,10875.09,44143.02,29,,0,-0.0498,0
788,25394.26,40900.3,32,0.4061,1,0.8497,1
487,13229.29,38056.15,36,,1,0.8634,1
694,33483.64,70945.55,22,,0,-0.0981,0
600,15911.0,48692.84,5,0.3999,1,0.949,1
768,9895.26,51690.06,25,,1,0.911,1
809,5488.4,62687.19,12,0.379,1,0.958,1
780,22396.7,75522.83,36,,0,0.0401,0
442,13837.62,38381.43,21,,0,0.0249,0
624,19936.1,58971.57,26,0.4185,0,0.0397,0
351,28933.66,38626.23,20,0.446,1,0.9075,1
467,19013.02,51246.74,14,0.4201,0,0.0653,0
499,17023.79,74171.56,36,0.2614,0,-0.0255,0
570,22357.83,12771.04,38,,1,0.899,1
757,19824.69,38388.18,35,,0,-0.014,0
310,7423.54,50836.14,38,,0,0.1009,0
571,22995.91,61851.22,0,,1,0.8684,1
749,14724.26,76955.54,25,0.5181,0,0.0644,0
426,24248.14,24448.94,16,,0,-0.0682,0
741,18042.28,80478.63,22,,1,0.905,1
342,22149.3,64374.24,18,0.2938,1,0.8909,1
579,13652.32,50668.69,37,,1,0.849,1
842,5896.16,28557.36,32,,1,0.8668,1
507,18382.28,44696.14,31,0.3154,1,0.9252,1
652,20861.11,73453.47,26,,1,0.8832,1
394,11658.41,55475.63,4,,0,-0.0483,0
532,13780.17,51745.48,7,,0,0.9449,1
341,1713.89,37513.35,38,,0,-0.0011,0
363,14068.22,68223.47,1,,0,0.0166,0
478,7497.29,52305.23,28,0.2808,1,0.9547,1
839,18103.34,50740.8,23,,0,0.0773,0
815,17009.54,53285.78,29,,0,-0.1143,0
332,15091.2,43385.52,39,,1,0.8946,1
337,22935.9,40324.62,16,0.4013,1,0.8162,1
678,16445.79,27648.53,23,,0,0.1363,0
822,16160.72,43849.53,0,,0,0.0075,0
578,16929.73,22597.11,14,0.3961,1,0.9487,1
590,11503.14,63742.62,10,0.4286,1,0.8686,1
630,20948.3,42982.59,32,0.5005,0,-0.0178,0
542,9501.82,47938.57,13,0.2866,0,0.055,0
709,17536.52,54331.58,12,0.2334,0,0.0258,0
367,22312.09,40560.55,18,0.4787,1,0.9839,1
332,8841.16,33849.93,23,,1,0.8583,1
339,6945.68,58992.87,28,,1,0.8891,1
422,8735.23,89002.18,38,,1,0.9257,1
599,25902.33,71382.46,18,0.287,0,0.0333,0
444,11344.16,78037.66,24,0.3421,0,0.021,0
629,7797.25,31628.14,14,,0,-0.0662,0
310,17198.13,51553.67,23,,1,0.8529,1
538,1000.0,51435.93,9,,1,0.9171,1
380,9272.46,80711.64,9,0.4169,1,0.8228,1
458,23484.45,71502.88,30,,1,0.8557,1
655,9267.79,52045.54,26,0.3514,0,0.0019,0
307,13435.25,13809.47,31,,0,-0.0388,0
723,16764.71,34141.47,28,,0,0.0115,0
446,16768.04,66393.06,14,0.3018,0,-0.0045,0
773,11804.88,49226.69,31,,1,0.8606,1
693,18278.3,53016.22,8,,1,0.8618,1
797,23677.35,66045.38,0,,0,0.0639,0
633,8630.12,75372.54,8,,0,0.0192,0
525,12093.38,40981.14,27,,1,0.9124,1
386,14369.1,65649.78,26,,1,0.9027,1
339,19199.14,84006.11,29,,0,-0.0454,0
736,15198.69,80703.52,30,,0,-0.0282,0
654,14237.01,45445.28,8,0.48,1,0.78,1
381,5703.78,60307.77,31,,0,-0.0318,0
352,8201.66,68513.53,18,0.5597,1,0.869,1
737,16156.06,55362.71,34,0.3201,1,0.9274,1
332,11916.96,50514.53,0,0.2283,1,0.8698,1
581,12947.43,23851.74,30,0.2959,1,0.9393,1
478,14628.76,39428.62,27,,0,-0.013,0
694,29050.1,42484.1,19,,1,0.9074,1
331,12015.11,32295.22,34,0.1668,1,0.8984,1
345,23321.71,56970.97,10,0.3495,0,0.035,0
376,22883.0,70598.04,14,,1,0.9603,1
707,19822.56,47453.95,14,0.2987,0,-0.0494,0
691,9915.34,15333.34,19,,0,0.088,0
696,15823.08,52869.29,11,0.4503,1,0.8572,1
616,12657.06,59931.76,27,0.423,1,0.8908,1
396,27086.5,58714.61,3,0.4136,1,0.8736,1
425,17463.92,42019.4,1,,1,0.9754,1
375,13720.91,33310.1,5,0.3452,1,0.847,1
369,25709.52,70955.19,17,0.1927,1,0.9359,1
711,12884.98,61331.11,0,0.2266,0,-0.1104,0
551,18309.65,42737.81,25,,0,0.0407,0
528,19214.48,27978.69,7,,0,-0.0096,0
380,17084.28,59006.92,30,0.419,0,-0.0187,0
656,14361.56,38844.18,33,0.345,1,0.8654,1
757,20025.13,61888.46,34,0.3202,1,0.8967,1
304,11220.31,57841.06,21,,1,0.8823,1
812,21682.17,92384.35,21,,1,0.8255,1
401,13311.51,53597.76,15,0.4178,1,0.8608,1
801,23026.77,91013.66,5,0.262,0,0.0399,0
710,21277.71,56474.43,9,,1,0.8799,1
789,18295.9,42995.32,9,,0,-0.0395,0
409,14458.8,36001.32,23,0.3821,1,0.9023,1
610,21616.04,39213.47,0,,0,0.0244,0
344,18426.57,62723.44,38,,1,0.9325,1
546,1000.0,57324.87,4,0.4208,1,0.9169,1
396,10093.73,21904.49,13,0.3364,0,0.0604,0
339,16012.44,73362.95,13,,1,0.9025,1
757,16678.36,81584.32,33,0.4837,0,-0.0118,0
715,19242.95,21721.79,25,0.448,0,0.0437,0
490,24293.08,73216.44,37,0.2123,0,-0.0354,0
527,18519.93,85295.67,36,,0,-0.0202,0
591,2493.93,22670.88,31,0.4801,1,0.8203,1
633,16185.87,46589.29,5,,0,0.0907,0
617,22294.82,39708.17,23,,0,0.1043,0
467,15669.53,72530.14,23,0.4611,1,0.8912,1
504,16220.69,47535.61,12,,1,0.9382,1
844,12034.5,46817.88,1,,0,0.035,0
351,20695.34,62582.79,1,,1,0.9095,1
522,12880.94,83073.15,15,,1,0.9608,1
441,18557.14,53890.39,29,0.3333,0,-0.0632,0
434,17571.27,46526.79,6,0.3453,1,0.8908,1
386,15325.32,49881.65,38,,1,0.7957,1
354,17904.56,66846.6,11,0.2387,0,-0.0506,0
800,16210.03,31035.11,27,0.2601,1,0.8187,1
778,22663.86,54704.11,1,,1,0.8081,1
707,19060.32,38120.75,1,0.4303,0,-0.0248,0
810,21238.34,33346.04,20,,0,0.0182,0
752,10416.51,19995.78,5,0.3669,1,0.8667,1
370,10040.29,45730.17,25,,1,0.8727,1
746,15376.28,74417.11,15,0.5183,1,0.8633,1
744,19496.74,19299.14,9,,0,0.007,0
301,18188.82,64768.93,39,,1,0.8698,1
783,10492.39,43320.97,15,,1,0.8497,1
711,19683.37,35858.89,3,,0,0.0466,0
846,11232.96,61189.76,5,0.2127,0,-0.0436,0
565,19043.1,78590.21,12,,0,-0.0636,0
708,16719.32,81963.88,19,,0,0.037,0
726,13649.27,60106.59,22,0.3046,0,-0.0842,0
666,11784.13,53734.88,17,,0,0.0615,0
827,15799.08,62047.96,4,,1,0.8487,1
378,15498.28,99585.32,10,,1,0.904,1
496,8720.61,49731.76,4,,1,0.8503,1
352,18612.44,75428.87,20,0.4703,0,0.0006,0
632,21940.1,44337.29,2,0.3303,0,-0.0261,0
313,20163.46,40048.68,30,,1,0.8509,1
467,16890.21,86840.21,20,,1,0.8198,1
706,12300.38,55047.83,11,,0,-0.027,0
791,15773.65,59042.2,11,0.5284,0,0.0238,0
422,14211.23,64845.06,1,,0,0.0337,0
439,15745.81,38932.32,1,,0,-0.0359,0
314,20618.66,47111.08,26,0.278,1,0.8642,1
493,14351.88,43443.16,20,,1,0.8913,1
686,3976.02,60979.2,5,0.2642,0,0.0001,0
788,19797.28,61599.43,29,,0,-0.0002,0
531,17383.24,44190.79,38,,0,-0.0217,0
355,15899.48,91499.79,26,,1,0.8817,1
476,7953.74,54507.19,35,0.2921,0,-0.0144,0
571,10006.1,56850.07,27,,1,0.7792,1
633,10707.68,79182.87,36,0.4689,0,-0.0203,0
619,11497.79,39251.3,22,0.2291,0,0.0391,0
740,12059.31,45624.31,32,,1,0.9697,1
618,7909.69,60139.08,31,,0,0.0588,0
521,27909.92,28438.23,13,0.411,1,0.9045,1
366,24012.56,50725.85,2,,1,0.8406,1
814,16662.99,91915.78,16,0.2544,0,-0.0274,0
321,14798.06,87921.75,7,0.3571,1,0.8619,1
480,25959.19,71149.89,34,0.3133,1,0.8295,1
529,24742.59,76289.54,28,,1,0.8529,1
789,10560.5,63880.86,35,0.316,0,-0.0364,0
549,16486.06,47232.73,13,0.4245,1,0.8303,1
527,13905.57,84584.38,21,0.3222,1,0.9466,1
818,13383.89,37921.16,9,0.1987,0,0.0305,0
500,14007.17,72432.31,19,,0,-0.0025,0
715,14485.99,45834.6,1,0.2507,1,0.9191,1
317,16264.42,46918.47,14,,1,0.9153,1
629,16298.4,64695.9,34,,0,-0.0367,0
700,23629.08,91611.57,24,,1,0.9899,1
415,10158.66,80715.9,33,,1,0.8616,1
717,20801.52,61097.7,30,0.1684,0,-0.0834,0
795,8549.93,56131.71,2,,0,0.0081,0
329,16421.07,69066.57,19,,1,0.9282,1
406,21260.1,79572.95,12,0.4472,0,-0.0151,0
379,18414.18,23309.96,4,,0,0.0622,0
821,13101.77,52713.82,8,0.2279,0,0.009,0
460,16708.78,36056.19,0,,0,-0.041,0
820,24913.73,51063.76,8,,0,-0.0297,0
508,11449.8,32357.72,26,,0,0.0074,0
837,18399.32,22490.77,10,0.2902,1,0.904,1
609,20790.52,31253.48,29,0.3594,0,0.0607,0
455,12671.85,45036.86,11,0.2998,0,0.0417,0
579,25412.23,65557.81,2,0.4286,0,-0.0784,0
375,27439.36,40349.81,28,,1,0.8916,1
409,21564.18,39417.32,6,,1,0.8379,1
645,21576.92,62122.9,38,,0,0.0729,0
714,4627.79,60162.2,17,0.2437,0,-0.0487,0
532,7074.46,85639.35,1,,1,0.9101,1
770,14493.33,71824.35,9,0.3142,1,0.8651,1
513,11053.48,36533.81,12,0.2549,0,-0.0989,0
505,18755.27,42929.79,19,,1,0.8372,1
605,1000.0,68436.65,26,,0,-0.0125,0
516,18716.44,39042.08,12,,1,0.9284,1
679,13945.55,49161.87,12,0.2489,1,0.9265,1
796,11749.22,24211.88,37,,0,-0.0665,0
482,26439.57,31480.78,7,,1,0.9157,1
568,13151.6,77668.85,29,,1,0.9475,1
484,5299.42,58009.47,6,0.3194,0,0.0256,0
624,17741.77,43677.83,10,0.4386,0,-0.0181,0
635,17293.03,46206.98,23,,0,0.0024,0
548,13956.38,85875.4,3,,1,0.9076,1
339,29107.75,43177.33,6,,1,0.9699,1
809,16260.59,63520.59,34,,0,0.0851,0
684,21088.75,70686.28,3,0.3325,1,0.9322,1
696,16938.41,81009.47,5,,0,0.0027,0
739,22623.4,39680.87,29,,0,-0.0016,0
314,13014.74,29810.03,18,0.357,1,0.9036,1
783,8619.49,35133.87,13,0.1929,0,0.0103,0
347,19594.43,68158.55,32,,1,0.8742,1
714,16795.62,90854.3,35,0.5362,0,0.0984,0
824,19771.33,68784.27,4,0.246,0,-0.0396,0
578,11299.73,43129.06,19,,1,0.9648,1
693,17881.14,76380.86,36,0.5242,0,-0.1099,0
780,5434.35,46556.27,5,,0,-0.0138,0
611,12121.29,40029.29,16,0.379,0,-0.0169,0
570,10772.06,49034.24,7,,0,0.0114,0
744,17975.76,44539.78,5,,1,0.8818,1
732,12094.7,42365.86,35,,0,0.0693,0
345,6763.04,76991.64,25,,1,0.8879,1
334,11590.55,45716.06,5,,0,-0.0515,0
691,18590.93,26428.77,13,,0,-0.0483,0
689,15786.5,65545.67,12,0.2929,0,-0.0236,0
746,10529.5,37816.61,36,,0,0.0362,0
346,20035.28,38396.88,12,0.4021,1,0.9453,1
385,24392.44,67622.32,4,,1,0.8399,1
315,20452.97,41942.3,39,0.3251,1,0.86,1
455,1155.03,46848.75,2,,1,0.8467,1
576,16422.93,55759.17,38,,1,0.8857,1
498,14148.99,49845.84,12,,0,0.0481,0
365,2785.54,47274.09,27,0.3745,0,0.0086,0
604,7257.51,12827.05,21,,0,0.0275,0
478,19794.39,51888.47,9,0.2798,0,0.0373,0
457,16114.02,84042.18,21,,1,0.8707,1
725,15483.81,66333.59,7,0.2234,0,-0.064,0
475,11099.44,48240.98,20,,0,-0.0294,0
602,21493.71,63463.24,2,,0,0.0411,0
336,7621.19,66292.5,9,0.4326,1,0.9301,1
703,9672.43,39842.9,2,,0,0.004,0
598,13093.46,77629.15,25,,0,0.0474,0
730,5845.58,57935.34,37,0.3721,1,0.9073,1
465,9710.04,49378.07,1,0.3426,1,0.8834,1
564,21369.42,83627.87,24,,0,-0.0784,0
535,9934.28,17770.05,20,,0,0.0636,0
842,19685.26,33835.43,7,,0,-0.0048,0
355,18809.71,66548.84,27,,1,0.8774,1
411,13989.38,67133.51,31,0.3797,1,0.8949,1
833,6486.4,84642.22,37,,1,0.9749,1
346,15380.49,14392.33,3,0.3752,0,0.0496,0
453,2335.14,70456.59,7,0.427,1,0.882,1
475,11826.59,32583.72,20,,1,0.9235,1
732,16459.54,62540.2,30,,0,0.0614,0
719,20217.25,53829.7,7,,0,0.0174,0
777,14089.51,70298.2,14,,0,0.006,0
352,11352.19,50763.26,17,,1,0.7955,1
418,10871.88,73198.29,26,,1,0.9623,1
556,12190.2,40094.48,9,0.1966,1,0.8486,1
701,18744.8,53534.01,11,0.442,0,-0.0935,0
614,17100.55,58470.13,5,,1,0.8098,1
587,14867.89,85180.62,8,,1,0.8572,1
744,18780.22,69993.08,37,0.505,0,0.0243,0
408,15003.2,58678.48,29,,1,0.958,1
765,6990.94,66516.51,36,,0,0.0171,0
662,8338.05,74550.79,37,0.3357,0,0.0868,0
431,18610.07,61741.66,19,0.3328,0,-0.0202,0
540,6756.1,36545.62,6,,1,0.8884,1
450,12714.15,66310.75,31,0.3239,1,0.8067,1
469,14315.08,54490.34,39,0.3176,1,0.8712,1
676,8799.84,48646.19,8,,0,-0.1021,0
467,4993.55,40865.72,30,0.2652,0,-0.0671,0
772,7951.38,65427.98,15,,0,0.0315,0
353,4141.62,64216.01,37,,1,0.8156,1
392,18669.79,37799.81,9,0.4001,0,-0.0794,0
802,17384.84,35089.98,26,,0,-0.0879,0
697,10442.23,89049.23,3,,1,0.9388,1
541,6795.88,70491.3,37,,1,0.9819,1
430,21997.76,56561.03,16,0.2968,1,0.8963,1
440,17642.08,65912.41,19,0.1713,1,0.9471,1
399,11273.77,46580.8,29,0.1055,0,-0.0582,0
793,22122.73,51896.85,9,0.3178,1,0.9615,1
485,15825.63,55386.43,29,0.1964,1,0.8642,1
815,16908.09,72357.45,4,,1,0.9334,1
737,8748.16,29560.13,17,,0,-0.0014,0
497,5902.57,36635.35,13,,0,-0.0959,0
708,5579.59,32954.65,17,,1,0.8557,1
562,27498.2,70356.12,23,,0,0.0086,0
563,10034.56,53183.55,24,,1,0.8075,1
723,15391.04,38505.21,8,,0,0.0148,0
692,17757.68,51012.62,37,0.4176,0,-0.0708,0
420,14875.06,43627.5,26,0.4366,1,0.927,1
523,14074.5,29178.38,6,0.2844,0,-0.068,0
814,13940.71,77686.32,6,,0,0.0222,0
415,17879.68,52311.82,16,,0,0.0408,0
692,8761.18,78102.09,38,,0,-0.0084,0
763,12356.78,28921.98,36,,0,-0.004,0
630,1177.58,64076.96,9,,1,0.9743,1
329,3821.72,29034.92,21,,0,-0.0392,0
768,7211.7,99016.87,13,,0,-0.0267,0
795,20122.48,23869.76,31,0.4328,0,0.032,0
653,13363.79,87328.17,29,0.2372,0,0.0211,0
733,19184.44,54643.16,18,,0,-0.0121,0
324,17309.31,51710.63,13,,1,0.8392,1
697,16560.58,65608.14,36,,0,0.0487,0
742,9335.48,38115.58,16,,0,-0.0619,0
613,15449.62,69131.95,35,,1,1.0139,1
588,16526.88,70450.1,1,,1,0.8402,1
745,28204.07,55214.42,17,,1,0.8447,1
664,12923.93,59500.94,21,,0,0.0171,0
315,19393.32,89733.61,0,,0,0.0275,0
401,14256.72,66721.2,2,,0,-0.0487,0
625,10786.49,40920.3,22,0.2313,0,0.0846,0
633,20217.21,68509.59,29,0.2113,0,0.0165,0
443,26349.51,45317.19,8,,1,0.8876,1
376,16572.03,41832.08,35,0.3027,0,0.0193,0
651,10901.8,64227.66,9,,0,0.0605,0
470,17804.95,36831.52,2,,1,0.9805,1
671,16676.55,55835.1,17,,1,0.9096,1
663,28299.03,67127.54,4,,0,-0.0637,0
418,19453.02,89374.79,17,0.2371,0,-0.0629,0
721,9398.48,66490.02,1,0.2757,0,-0.0707,0
385,22648.16,28540.57,34,,1,0.8679,1
519,19652.16,31351.82,25,0.3709,1,0.9019,1
623,20612.38,86074.21,1,,1,0.9107,1
787,17669.35,43583.43,36,0.3212,0,0.0563,0
817,21049.8,27703.62,11,,0,-0.1037,0
681,17643.74,36914.15,20,,1,0.8995,1
664,13473.74,69294.35,25,0.3858,0,0.023,0
575,15805.31,57031.12,16,,0,-0.1404,0
566,14304.29,66652.02,24,,1,0.9227,1
606,17048.32,54405.9,6,0.2524,0,0.1365,0
814,15476.65,35148.64,12,,0,0.0387,0
657,13112.51,22829.5,27,,0,0.0154,0
750,13910.36,39977.43,7,,0,-0.0137,0
603,14978.4,57191.82,12,0.0737,0,0.0116,0
703,4313.52,33696.07,11,,1,0.9769,1
767,21146.59,72692.24,5,0.4179,0,-0.0173,0
540,17087.57,36998.77,35,,0,0.0597,0
654,11331.07,25264.53,39,,1,0.9232,1
570,18547.17,55011.91,10,,1,0.9813,1
581,11951.34,68693.0,34,,1,0.9545,1
445,11951.16,81866.09,19,,0,0.0095,0
760,17247.82,25987.65,9,,0,0.0063,0
749,23583.74,80626.42,37,0.4412,0,-0.0157,0
806,16679.25,58336.0,5,0.4764,0,0.0488,0
456,10344.74,43821.92,4,0.24,1,0.8705,1
849,12889.12,67254.63,16,,0,0.0057,0
687,20094.28,79396.93,34,,0,-0.0097,0
487,17425.68,24776.76,11,,1,0.8329,1
781,20756.83,47243.23,29,,0,0.011,0
607,17360.74,45195.85,34,,0,-0.0763,0
603,19624.99,66267.79,19,,0,-0.0224,0
716,27077.98,81280.53,5,,1,0.9334,1
386,6886.08,56321.2,37,0.2643,0,0.0084,0
555,29442.86,49740.61,32,,1,0.9076,1
313,20618.95,63016.49,2,,1,0.8568,1
534,30749.83,50779.41,23,0.3634,1,0.9524,1
670,9100.49,15948.1,34,,0,-0.0443,0
843,17294.71,64306.49,22,0.3004,0,0.0353,0
423,15956.26,72742.16,7,,0,0.0649,0
781,20301.24,74326.54,37,,0,-0.0765,0
321,17818.53,34192.1,14,,1,0.8797,1
307,17146.41,65928.85,0,,1,0.8751,1
488,19673.53,82589.81,4,0.3322,1,0.9136,1
459,14359.14,100551.11,18,,1,0.8528,1
620,11905.02,63620.78,19,,1,-0.0583,0
406,17719.5,72709.5,24,,0,-0.0027,0
603,11893.13,37132.76,6,,0,-0.0281,0
843,14246.81,34778.81,3,,0,-0.0073,0
392,6353.34,72771.97,10,,1,0.9446,1
537,15335.56,18354.07,2,,1,0.8191,1
632,9428.13,57796.28,2,,1,0.8943,1
536,14802.14,80750.78,25,0.257,0,-0.0295,0
525,8483.83,67826.55,12,,0,0.0012,0
320,14884.01,67709.25,6,0.3348,1,0.8706,1
562,20398.24,54109.52,6,,1,0.841,1
809,11424.96,47622.04,31,0.4166,1,0.9197,1
780,9400.26,93785.96,27,,0,0.1386,0
739,19689.85,77205.59,1,,0,-0.005,0
343,20479.66,70232.62,25,,1,0.8637,1
368,17543.53,55501.22,24,0.4866,0,-0.0365,0
590,12207.28,44485.85,26,,1,0.9467,1
463,11221.89,74433.44,31,,1,0.8562,1
395,13011.09,49476.1,27,0.3959,1,0.965,1
401,14645.02,56416.71,28,,0,-0.0818,0
400,4647.44,66082.47,4,,1,0.9096,1
350,9101.1,58770.4,36,,1,0.9332,1
635,22505.22,82899.9,8,,1,0.9381,1
527,16244.57,31240.8,30,0.3792,1,0.9346,1
668,22361.88,56212.06,29,0.3031,1,0.9133,1
418,21094.06,93485.16,19,,1,0.9577,1
633,13125.28,71146.96,19,,0,-0.0495,0
401,13215.9,51453.21,35,0.2516,1,0.8678,1
807,20799.38,69378.77,25,0.286,0,-0.0202,0
394,19551.9,54140.72,10,,1,0.9742,1
737,20924.49,81394.69,2,0.3607,1,0.9233,1
677,14918.83,69782.56,5,0.2724,0,0.0341,0
409,15855.48,39402.7,15,,1,0.891,1
349,13466.64,59290.51,26,0.5468,0,0.0408,0
649,14679.19,62535.26,17,0.475,0,-0.0776,0
323,10886.14,63425.95,30,0.2439,1,0.8796,1
641,14551.29,60737.49,27,,0,-0.0109,0
673,14039.95,65165.41,28,,0,-0.0237,0
655,12247.56,62542.46,36,,0,-0.0161,0
836,19746.89,42018.62,3,,0,0.0273,0
535,6538.58,46783.45,22,,1,0.9119,1
575,17024.62,50425.01,13,,0,0.0597,0
821,9469.86,56719.55,30,,1,0.7957,1
773,9912.89,50483.79,32,0.4456,0,0.0744,0
555,10427.15,74851.85,25,,1,0.8675,1
532,17825.03,37717.69,29,0.2632,1,0.9658,1
734,1454.19,23776.68,36,,0,-0.0209,0
610,16012.2,90403.2,22,,0,0.0185,0
564,15272.72,40284.95,32,0.3377,0,-0.0538,0
748,9179.03,74806.79,4,,0,-0.0608,0
733,16093.27,65954.61,9,,0,0.0291,0
527,7720.49,40919.28,36,,1,0.7668,1
517,14737.41,52606.53,8,0.2913,1,0.8392,1
667,7494.07,49924.83,0,0.3072,0,0.0383,0
300,27302.01,61414.84,36,,1,0.8793,1
730,20168.43,41186.31,14,,1,0.8559,1
574,16478.8,51822.71,23,0.4755,0,0.0761,0
780,9268.92,54329.46,30,,1,0.9937,1
601,13346.82,74832.77,17,,0,0.0,0
513,13594.85,47599.96,0,0.2176,1,0.9637,1
363,16451.4,37438.25,28,,1,0.9759,1
300,17391.3,45195.14,26,0.3128,1,0.8992,1
665,16349.25,61606.53,11,,1,0.8744,1
409,17053.84,23111.39,26,,1,0.9044,1
769,13980.9,76551.67,32,,0,-0.0727,0
572,17054.78,55353.73,39,0.2568,1,0.9284,1
777,11172.4,62797.89,21,0.2789,0,-0.0165,0
556,8619.01,58945.32,2,,1,0.9028,1
507,26087.28,42987.49,34,,1,0.9021,1
377,17496.04,35520.42,17,,1,0.8576,1
525,25836.52,42391.38,25,,1,0.8982,1
751,13351.55,27891.47,35,,0,-0.068,0
772,29464.3,61268.55,10,0.3951,0,-0.0241,0
562,15477.63,52070.44,0,,0,0.8443,1
849,21875.76,27382.2,38,,1,0.8562,1
319,15197.12,43902.89,6,,0,-0.1129,0
328,15989.54,66738.44,16,,1,0.8785,1
333,14308.8,78274.41,31,0.4199,1,0.9243,1
333,12043.18,31890.09,30,,0,0.0089,0
302,20881.45,93905.0,6,0.3948,1,0.9542,1
329,14946.83,37730.56,10,0.3431,1,0.8524,1
738,19982.62,24314.27,27,0.4233,0,-0.0239,0
554,20422.76,86634.22,16,0.1962,1,0.9459,1
729,23486.03,36264.95,20,0.0896,1,0.8957,1
330,20485.15,37758.91,4,,1,0.9566,1
803,14161.15,64894.84,34,,0,0.0224,0
300,10526.58,45043.19,23,0.4072,1,0.9143,1
824,17688.14,88083.86,28,0.3176,0,0.0241,0
774,11927.49,66531.11,8,,1,0.886,1
429,18225.6,69032.12,27,0.3364,0,0.0196,0
748,9179.03,74806.79,4,,0,-0.0608,0
426,3690.61,72154.46,34,0.312,1,0.8689,1
476,7953.74,54507.19,35,0.2921,0,-0.0144,0
625,10786.49,40920.3,22,0.2313,0,0.0846,0
806,10659.23,43200.09,29,,1,0.8928,1
395,10836.95,8000.0,1,,1,0.9587,1
757,20025.13,61888.46,34,0.3202,1,0.8967,1
553,22781.87,64639.69,39,0.3513,0,0.0506,0
709,11960.16,44352.04,0,0.2598,0,0.0071,0
691,5380.69,52528.61,6,,0,0.0653,0
361,27865.15,66483.33,19,,0,-0.0423,0
634,15915.76,44276.34,18,,0,-0.0177,0
478,14628.76,39428.62,27,,0,-0.013,0
820,21532.1,24922.0,12,0.4483,0,-0.0075,0
616,1000.0,46387.22,2,,0,-0.0698,0
321,17818.53,34192.1,14,,1,0.8797,1
758,6692.24,52544.97,3,0.3172,0,0.0819,0
833,20702.55,88150.63,31,,0,-0.0194,0
418,10871.88,73198.29,26,,1,0.9623,1
671,16211.24,58722.32,21,0.4233,0,-0.049,0
700,4533.36,66008.7,13,0.2554,1,0.9544,1
401,13215.9,51453.21,35,0.2516,1,0.8678,1
547,12575.76,51380.0,39,0.3276,1,0.8845,1
567,12546.48,19718.71,0,,0,0.057,0
651,21185.05,57398.16,17,,1,1.0252,1
787,17632.11,90078.22,4,0.2536,0,-0.0174,0
439,16570.49,33172.25,20,,1,0.9055,1
615,14963.41,68474.84,0,,1,0.8005,1
498,22093.0,64870.68,0,,1,0.9507,1
753,16143.68,57692.33,4,0.3375,1,0.8745,1
716,27077.98,81280.53,5,,1,0.9334,1
627,15643.77,80058.41,39,0.3089,0,-0.0691,0
361,11319.86,64360.55,22,,0,-0.0634,0
546,12350.64,27602.89,35,,0,0.006,0
586,5277.21,43583.2,8,0.3786,1,0.8759,1
603,12067.0,62668.99,3,,1,0.9144,1
385,13318.48,41481.7,10,0.4096,0,0.0004,0
821,5757.17,66076.15,18,,0,0.0136,0
502,15114.27,44342.59,33,,0,-0.0201,0
725,12230.22,50406.54,2,0.3769,1,0.9002,1
472,6180.41,58718.24,35,,0,0.0106,0
332,8841.16,33849.93,23,,1,0.8583,1
668,11413.78,27641.08,3,,0,0.0741,0
472,16380.95,33508.17,7,,1,0.8435,1
334,16980.27,67592.63,37,0.5341,1,0.8392,1
320,3603.39,56553.15,19,,1,0.8978,1
447,12064.64,71326.82,25,0.3552,1,0.9016,1
702,14228.34,62206.9,21,,1,1.0026,1
691,17943.05,52036.29,9,,0,0.0348,0
661,18084.78,56509.41,27,,1,0.8509,1
848,12998.19,80875.55,32,,0,-0.0379,0
553,12790.0,52809.82,20,,1,0.8874,1
659,10535.98,68335.05,23,,0,-0.0716,0
360,22116.43,55562.38,29,,1,0.8353,1
506,18335.8,54426.7,5,,1,0.9108,1
782,12762.11,49782.63,6,0.3306,0,-0.0828,0
515,23701.4,70424.55,11,,1,0.8458,1
322,12020.86,62369.83,29,,1,0.8232,1
623,17721.73,59052.93,25,,0,-0.0927,0
455,7365.16,57154.58,24,0.0192,1,0.9299,1
411,15728.01,51876.9,7,,0,0.0823,0
844,14609.0,43828.21,19,,0,-0.0256,0
745,28204.07,55214.42,17,,1,0.8447,1
651,19742.93,8464.92,25,,0,-0.0094,0
536,25805.42,53671.25,38,,0,0.0148,0
415,21222.91,44479.44,21,,1,0.9112,1
830,8768.46,37330.12,37,,0,-0.0334,0
542,21829.09,51325.58,2,,1,0.8952,1
519,19652.16,31351.82,25,0.3709,1,0.9019,1
610,17054.9,29242.26,16,,0,0.1061,0
418,21094.06,93485.16,19,,1,0.9577,1
662,8338.05,74550.79,37,0.3357,0,0.0868,0
702,20927.04,64049.41,24,0.4346,1,0.8652,1
534,14471.73,60015.3,34,,1,0.923,1
463,11221.89,74433.44,31,,1,0.8562,1
540,6756.1,36545.62,6,,1,0.8884,1
751,17066.65,70981.9,12,0.3949,0,0.0182,0
783,19723.34,44250.52,32,,0,0.07,0
329,16421.07,69066.57,19,,1,0.9282,1
491,21961.31,53344.05,12,0.279,1,0.8916,1
523,18315.82,67575.87,20,,1,0.983,1
479,23504.85,68417.48,14,0.4064,0,-0.0117,0
445,10213.91,79499.52,10,,1,0.9235,1
784,17343.65,62480.24,24,0.3153,0,0.0511,0
680,6947.52,42305.43,18,0.2875,0,0.0788,0
802,15368.2,58384.08,18,0.2793,0,0.0087,0
676,15267.69,81601.81,8,,1,0.8946,1
571,16063.21,29268.47,27,,0,-0.0421,0
443,25216.83,19830.19,0,,0,-0.024,0
686,9132.21,42801.11,15,,0,-0.0265,0
415,12398.21,57818.52,36,0.309,1,0.8748,1
516,12576.17,59022.95,13,0.1812,1,0.8676,1
324,21814.59,53535.57,21,,1,0.9894,1
444,12732.36,38347.46,6,,0,0.0504,0
629,7797.25,31628.14,14,,0,-0.0662,0
719,3976.08,38371.58,13,0.1949,0,-0.0112,0
481,16219.52,65530.05,35,,1,0.9626,1
498,14680.32,20830.98,26,0.3517,1,0.8551,1
764,17522.49,40032.35,3,,1,0.8609,1
809,13206.76,56056.87,37,,0,0.029,0
379,11430.27,45604.29,18,,1,0.8362,1
322,18917.45,64286.58,9,0.4831,1,0.8225,1
423,17879.04,38138.28,37,,1,0.9165,1
711,19683.37,35858.89,3,,0,0.0466,0
515,15846.13,53202.09,32,,0,0.0186,0
488,16019.42,37188.79,21,0.4514,1,0.8582,1
366,17521.59,46550.69,16,0.2696,1,0.8666,1
409,21564.18,39417.32,6,,1,0.8379,1
415,10158.66,80715.9,33,,1,0.8616,1
630,20948.3,42982.59,32,0.5005,0,-0.0178,0
790,7278.72,54241.06,13,,1,0.8802,1
308,15332.85,69605.11,25,,1,0.9068,1
379,5689.67,63723.94,30,0.3983,0,0.0679,0
444,11344.16,78037.66,24,0.3421,0,0.021,0
598,26214.25,67378.17,7,,1,0.8973,1
713,14692.2,20440.04,12,0.4055,0,-0.0999,0
392,20282.31,68929.73,21,,0,0.0961,0
352,11220.79,41742.32,19,0.3938,1,0.965,1
396,19558.53,46104.99,36,0.2955,0,-0.0706,0
412,14101.64,29586.7,37,0.1963,1,0.9208,1
842,5896.16,28557.36,32,,1,0.8668,1
344,8684.49,88519.02,0,,1,0.8117,1
394,11658.41,55475.63,4,,0,-0.0483,0
782,17349.1,90072.39,14,,0,-0.0102,0
512,2385.0,34748.68,23,,0,0.0568,0
607,13498.68,43390.65,23,0.3675,1,0.9055,1
788,12123.71,51946.1,3,,1,0.9783,1
409,15855.48,39402.7,15,,1,0.891,1
845,17094.94,30120.0,20,,1,0.9487,1
804,4851.7,14673.15,20,,0,0.0429,0
393,14946.36,93581.98,12,0.4891,1,0.888,1
776,27498.9,25227.86,1,0.3892,0,-0.1033,0
840,4948.23,54830.17,26,,0,0.0122,0
300,21775.98,79768.77,12,,1,0.8923,1
